date,clutch,treatment,age_days,age,time of day,time,time_group,intial # eggs,total_hatched,H,NH,percentage,notes
20150804,221,dark,4,4.25,6,0,1,10,0,0,10,0,
20150804,222,dark,4,4.25,6,0,1,7,0,0,7,0,
20150804,230,dark,4,4.25,6,0,1,10,0,0,10,0,
20150804,231,dark,4,4.25,6,0,1,10,0,0,10,0,
20150804,232,dark,4,4.25,6,0,1,10,0,0,10,0,
20150804,233,dark,4,4.25,6,0,1,10,0,0,10,0,
20150804,234,dark,4,4.25,6,0,1,10,0,0,10,0,
20150804,235,dark,4,4.25,6,0,1,10,0,0,10,0,
20150804,236,dark,4,4.25,6,0,1,10,0,0,10,0,
20150804,238,dark,4,4.25,6,0,1,7,0,0,7,0,
20150804,239,dark,4,4.25,6,0,1,7,0,0,7,0,
20150804,240,dark,4,4.25,6,0,1,7,0,0,7,0,
20150804,221,light,4,4.25,6,0,1,10,0,0,10,0,
20150804,222,light,4,4.25,6,0,1,7,0,0,7,0,
20150804,230,light,4,4.25,6,0,1,10,0,0,10,0,
20150804,231,light,4,4.25,6,0,1,10,0,0,10,0,
20150804,232,light,4,4.25,6,0,1,10,0,0,10,0,
20150804,233,light,4,4.25,6,0,1,10,0,0,10,0,
20150804,234,light,4,4.25,6,0,1,10,0,0,10,0,
20150804,235,light,4,4.25,6,0,1,10,0,0,10,0,
20150804,236,light,4,4.25,6,0,1,10,0,0,10,0,
20150804,238,light,4,4.25,6,0,1,7,0,0,7,0,
20150804,239,light,4,4.25,6,0,1,7,0,0,7,0,
20150804,240,light,4,4.25,6,0,1,7,0,0,7,0,
20150804,221,photoperiod,4,4.25,6,0,1,10,0,0,10,0,
20150804,222,photoperiod,4,4.25,6,0,1,7,0,0,7,0,
20150804,230,photoperiod,4,4.25,6,0,1,10,0,0,10,0,
20150804,231,photoperiod,4,4.25,6,0,1,10,0,0,10,0,
20150804,232,photoperiod,4,4.25,6,0,1,10,0,0,10,0,
20150804,233,photoperiod,4,4.25,6,0,1,10,0,0,10,0,
20150804,234,photoperiod,4,4.25,6,0,1,10,0,0,10,0,
20150804,235,photoperiod,4,4.25,6,0,1,7,0,0,7,0,also changed to 7 initial here from 10
20150804,236,photoperiod,4,4.25,6,0,1,10,0,0,10,0,
20150804,238,photoperiod,4,4.25,6,0,1,7,0,0,7,0,
20150804,239,photoperiod,4,4.25,6,0,1,7,0,0,7,0,
20150804,240,photoperiod,4,4.25,6,0,1,7,0,0,7,0,
20150804,221,dark,4,4.333333333,8,2,1,10,0,0,10,0,
20150804,222,dark,4,4.333333333,8,2,1,7,0,0,7,0,
20150804,230,dark,4,4.333333333,8,2,1,10,0,0,10,0,
20150804,231,dark,4,4.333333333,8,2,1,10,0,0,10,0,
20150804,232,dark,4,4.333333333,8,2,1,10,0,0,10,0,
20150804,233,dark,4,4.333333333,8,2,1,10,0,0,10,0,
20150804,234,dark,4,4.333333333,8,2,1,10,0,0,10,0,
20150804,235,dark,4,4.333333333,8,2,1,10,0,0,10,0,
20150804,236,dark,4,4.333333333,8,2,1,10,0,0,10,0,
20150804,238,dark,4,4.333333333,8,2,1,7,0,0,7,0,
20150804,239,dark,4,4.333333333,8,2,1,7,0,0,7,0,
20150804,240,dark,4,4.333333333,8,2,1,7,0,0,7,0,
20150804,221,light,4,4.333333333,8,2,1,10,0,0,10,0,
20150804,222,light,4,4.333333333,8,2,1,7,0,0,7,0,
20150804,230,light,4,4.333333333,8,2,1,10,0,0,10,0,
20150804,231,light,4,4.333333333,8,2,1,10,0,0,10,0,
20150804,232,light,4,4.333333333,8,2,1,10,0,0,10,0,
20150804,233,light,4,4.333333333,8,2,1,10,0,0,10,0,
20150804,234,light,4,4.333333333,8,2,1,10,0,0,10,0,
20150804,235,light,4,4.333333333,8,2,1,10,0,0,10,0,
20150804,236,light,4,4.333333333,8,2,1,10,2,2,8,0.2,
20150804,238,light,4,4.333333333,8,2,1,7,0,0,7,0,
20150804,239,light,4,4.333333333,8,2,1,7,0,0,7,0,
20150804,240,light,4,4.333333333,8,2,1,7,0,0,7,0,
20150804,221,photoperiod,4,4.333333333,8,2,1,10,0,0,10,0,
20150804,222,photoperiod,4,4.333333333,8,2,1,7,0,0,7,0,
20150804,230,photoperiod,4,4.333333333,8,2,1,10,0,0,10,0,
20150804,231,photoperiod,4,4.333333333,8,2,1,10,0,0,10,0,
20150804,232,photoperiod,4,4.333333333,8,2,1,10,0,0,10,0,
20150804,233,photoperiod,4,4.333333333,8,2,1,10,0,0,10,0,
20150804,234,photoperiod,4,4.333333333,8,2,1,10,0,0,10,0,
20150804,235,photoperiod,4,4.333333333,8,2,1,7,0,0,7,0,
20150804,236,photoperiod,4,4.333333333,8,2,1,10,0,0,10,0,
20150804,238,photoperiod,4,4.333333333,8,2,1,7,2,2,5,0.285714286,
20150804,239,photoperiod,4,4.333333333,8,2,1,7,0,0,7,0,
20150804,240,photoperiod,4,4.333333333,8,2,1,7,0,0,7,0,
20150804,221,dark,4,4.416666667,10,4,1,10,0,0,10,0,
20150804,222,dark,4,4.416666667,10,4,1,7,0,0,7,0,
20150804,230,dark,4,4.416666667,10,4,1,10,0,0,10,0,
20150804,231,dark,4,4.416666667,10,4,1,10,0,0,10,0,
20150804,232,dark,4,4.416666667,10,4,1,10,0,0,10,0,
20150804,233,dark,4,4.416666667,10,4,1,10,0,0,10,0,
20150804,234,dark,4,4.416666667,10,4,1,10,0,0,10,0,
20150804,235,dark,4,4.416666667,10,4,1,10,0,0,10,0,
20150804,236,dark,4,4.416666667,10,4,1,10,0,0,10,0,
20150804,238,dark,4,4.416666667,10,4,1,7,0,0,7,0,
20150804,239,dark,4,4.416666667,10,4,1,7,0,0,7,0,
20150804,240,dark,4,4.416666667,10,4,1,7,0,0,7,0,
20150804,221,light,4,4.416666667,10,4,1,10,0,0,10,0,
20150804,222,light,4,4.416666667,10,4,1,7,0,0,7,0,
20150804,230,light,4,4.416666667,10,4,1,10,0,0,10,0,
20150804,231,light,4,4.416666667,10,4,1,10,0,0,10,0,
20150804,232,light,4,4.416666667,10,4,1,10,0,0,10,0,
20150804,233,light,4,4.416666667,10,4,1,10,0,0,10,0,
20150804,234,light,4,4.416666667,10,4,1,10,0,0,10,0,
20150804,235,light,4,4.416666667,10,4,1,10,0,0,10,0,
20150804,236,light,4,4.416666667,10,4,1,10,0,2,8,0.2,
20150804,238,light,4,4.416666667,10,4,1,7,0,0,7,0,
20150804,239,light,4,4.416666667,10,4,1,7,0,0,7,0,
20150804,240,light,4,4.416666667,10,4,1,7,0,0,7,0,
20150804,221,photoperiod,4,4.416666667,10,4,1,10,0,0,10,0,
20150804,222,photoperiod,4,4.416666667,10,4,1,7,0,0,7,0,
20150804,230,photoperiod,4,4.416666667,10,4,1,10,0,0,10,0,
20150804,231,photoperiod,4,4.416666667,10,4,1,10,0,0,10,0,
20150804,232,photoperiod,4,4.416666667,10,4,1,10,0,0,10,0,
20150804,233,photoperiod,4,4.416666667,10,4,1,10,0,0,10,0,
20150804,234,photoperiod,4,4.416666667,10,4,1,10,0,0,10,0,
20150804,235,photoperiod,4,4.416666667,10,4,1,7,1,1,6,0.142857143,3 died due to set up-- initial changed to 7 from 10 (march 2018)
20150804,236,photoperiod,4,4.416666667,10,4,1,10,0,0,10,0,
20150804,238,photoperiod,4,4.416666667,10,4,1,7,0,2,5,0.285714286,
20150804,239,photoperiod,4,4.416666667,10,4,1,7,0,0,7,0,
20150804,240,photoperiod,4,4.416666667,10,4,1,7,0,0,7,0,
20150804,221,dark,4,4.5,12,6,2,10,0,0,10,0,
20150804,222,dark,4,4.5,12,6,2,7,0,0,7,0,
20150804,230,dark,4,4.5,12,6,2,10,0,0,10,0,
20150804,231,dark,4,4.5,12,6,2,10,0,0,10,0,
20150804,232,dark,4,4.5,12,6,2,10,0,0,10,0,
20150804,233,dark,4,4.5,12,6,2,10,0,0,10,0,
20150804,234,dark,4,4.5,12,6,2,10,0,0,10,0,
20150804,235,dark,4,4.5,12,6,2,10,0,0,10,0,
20150804,236,dark,4,4.5,12,6,2,10,0,0,10,0,
20150804,238,dark,4,4.5,12,6,2,7,0,0,7,0,
20150804,239,dark,4,4.5,12,6,2,7,0,0,7,0,
20150804,240,dark,4,4.5,12,6,2,7,0,0,7,0,
20150804,221,light,4,4.5,12,6,2,10,0,0,10,0,
20150804,222,light,4,4.5,12,6,2,7,0,0,7,0,
20150804,230,light,4,4.5,12,6,2,10,0,0,10,0,
20150804,231,light,4,4.5,12,6,2,10,0,0,10,0,
20150804,232,light,4,4.5,12,6,2,10,0,0,10,0,
20150804,233,light,4,4.5,12,6,2,10,0,0,10,0,
20150804,234,light,4,4.5,12,6,2,10,0,0,10,0,
20150804,235,light,4,4.5,12,6,2,10,0,0,10,0,
20150804,236,light,4,4.5,12,6,2,10,0,2,8,0.2,
20150804,238,light,4,4.5,12,6,2,7,0,0,7,0,
20150804,239,light,4,4.5,12,6,2,7,0,0,7,0,
20150804,240,light,4,4.5,12,6,2,7,0,0,7,0,
20150804,221,photoperiod,4,4.5,12,6,2,10,0,0,10,0,
20150804,222,photoperiod,4,4.5,12,6,2,7,0,0,7,0,
20150804,230,photoperiod,4,4.5,12,6,2,10,0,0,10,0,
20150804,231,photoperiod,4,4.5,12,6,2,10,0,0,10,0,
20150804,232,photoperiod,4,4.5,12,6,2,10,0,0,10,0,
20150804,233,photoperiod,4,4.5,12,6,2,10,0,0,10,0,
20150804,234,photoperiod,4,4.5,12,6,2,10,0,0,10,0,
20150804,235,photoperiod,4,4.5,12,6,2,7,0,1,6,0.142857143,
20150804,236,photoperiod,4,4.5,12,6,2,10,0,0,10,0,
20150804,238,photoperiod,4,4.5,12,6,2,7,4,6,1,0.857142857,"very dry, set up failure?"
20150804,239,photoperiod,4,4.5,12,6,2,7,0,0,7,0,
20150804,240,photoperiod,4,4.5,12,6,2,7,0,0,7,0,
20150804,221,dark,4,4.583333333,14,8,2,10,0,0,10,0,
20150804,222,dark,4,4.583333333,14,8,2,7,0,0,7,0,
20150804,230,dark,4,4.583333333,14,8,2,10,0,0,10,0,
20150804,231,dark,4,4.583333333,14,8,2,10,0,0,10,0,
20150804,232,dark,4,4.583333333,14,8,2,10,0,0,10,0,
20150804,233,dark,4,4.583333333,14,8,2,10,0,0,10,0,
20150804,234,dark,4,4.583333333,14,8,2,10,0,0,10,0,
20150804,235,dark,4,4.583333333,14,8,2,10,0,0,10,0,
20150804,236,dark,4,4.583333333,14,8,2,10,1,1,9,0.1,
20150804,238,dark,4,4.583333333,14,8,2,7,0,0,7,0,
20150804,239,dark,4,4.583333333,14,8,2,7,0,0,7,0,
20150804,240,dark,4,4.583333333,14,8,2,7,0,0,7,0,
20150804,221,light,4,4.583333333,14,8,2,10,0,0,10,0,
20150804,222,light,4,4.583333333,14,8,2,7,0,0,7,0,
20150804,230,light,4,4.583333333,14,8,2,10,0,0,10,0,
20150804,231,light,4,4.583333333,14,8,2,10,0,0,10,0,
20150804,232,light,4,4.583333333,14,8,2,10,0,0,10,0,
20150804,233,light,4,4.583333333,14,8,2,10,0,0,10,0,
20150804,234,light,4,4.583333333,14,8,2,10,0,0,10,0,
20150804,235,light,4,4.583333333,14,8,2,10,0,0,10,0,
20150804,236,light,4,4.583333333,14,8,2,10,0,2,8,0.2,
20150804,238,light,4,4.583333333,14,8,2,7,0,0,7,0,
20150804,239,light,4,4.583333333,14,8,2,7,0,0,7,0,
20150804,240,light,4,4.583333333,14,8,2,7,0,0,7,0,
20150804,221,photoperiod,4,4.583333333,14,8,2,10,0,0,10,0,
20150804,222,photoperiod,4,4.583333333,14,8,2,7,0,0,7,0,
20150804,230,photoperiod,4,4.583333333,14,8,2,10,0,0,10,0,
20150804,231,photoperiod,4,4.583333333,14,8,2,10,0,0,10,0,
20150804,232,photoperiod,4,4.583333333,14,8,2,10,0,0,10,0,
20150804,233,photoperiod,4,4.583333333,14,8,2,10,0,0,10,0,
20150804,234,photoperiod,4,4.583333333,14,8,2,10,0,0,10,0,
20150804,235,photoperiod,4,4.583333333,14,8,2,7,0,1,6,0.142857143,
20150804,236,photoperiod,4,4.583333333,14,8,2,10,0,0,10,0,
20150804,238,photoperiod,4,4.583333333,14,8,2,7,0,6,1,0.857142857,
20150804,239,photoperiod,4,4.583333333,14,8,2,7,0,0,7,0,
20150804,240,photoperiod,4,4.583333333,14,8,2,7,0,0,7,0,
20150804,221,dark,4,4.666666667,16,10,2,10,0,0,10,0,
20150804,222,dark,4,4.666666667,16,10,2,7,0,0,7,0,
20150804,230,dark,4,4.666666667,16,10,2,10,0,0,10,0,
20150804,231,dark,4,4.666666667,16,10,2,10,0,0,10,0,
20150804,232,dark,4,4.666666667,16,10,2,10,0,0,10,0,
20150804,233,dark,4,4.666666667,16,10,2,10,0,0,10,0,
20150804,234,dark,4,4.666666667,16,10,2,10,0,0,10,0,
20150804,235,dark,4,4.666666667,16,10,2,10,0,0,10,0,
20150804,236,dark,4,4.666666667,16,10,2,10,0,1,9,0.1,
20150804,238,dark,4,4.666666667,16,10,2,7,0,0,7,0,
20150804,239,dark,4,4.666666667,16,10,2,7,0,0,7,0,
20150804,240,dark,4,4.666666667,16,10,2,7,0,0,7,0,
20150804,221,light,4,4.666666667,16,10,2,10,0,0,10,0,
20150804,222,light,4,4.666666667,16,10,2,7,0,0,7,0,
20150804,230,light,4,4.666666667,16,10,2,10,0,0,10,0,
20150804,231,light,4,4.666666667,16,10,2,10,0,0,10,0,
20150804,232,light,4,4.666666667,16,10,2,10,0,0,10,0,
20150804,233,light,4,4.666666667,16,10,2,10,0,0,10,0,
20150804,234,light,4,4.666666667,16,10,2,10,0,0,10,0,
20150804,235,light,4,4.666666667,16,10,2,10,0,0,10,0,
20150804,236,light,4,4.666666667,16,10,2,10,0,2,8,0.2,
20150804,238,light,4,4.666666667,16,10,2,7,0,0,7,0,
20150804,239,light,4,4.666666667,16,10,2,7,0,0,7,0,
20150804,240,light,4,4.666666667,16,10,2,7,0,0,7,0,
20150804,221,photoperiod,4,4.666666667,16,10,2,10,0,0,10,0,
20150804,222,photoperiod,4,4.666666667,16,10,2,7,0,0,7,0,
20150804,230,photoperiod,4,4.666666667,16,10,2,10,0,0,10,0,
20150804,231,photoperiod,4,4.666666667,16,10,2,10,0,0,10,0,
20150804,232,photoperiod,4,4.666666667,16,10,2,10,0,0,10,0,
20150804,233,photoperiod,4,4.666666667,16,10,2,10,0,0,10,0,
20150804,234,photoperiod,4,4.666666667,16,10,2,10,0,0,10,0,
20150804,235,photoperiod,4,4.666666667,16,10,2,7,0,1,6,0.142857143,
20150804,236,photoperiod,4,4.666666667,16,10,2,10,0,0,10,0,
20150804,238,photoperiod,4,4.666666667,16,10,2,7,0,6,1,0.857142857,
20150804,239,photoperiod,4,4.666666667,16,10,2,7,0,0,7,0,
20150804,240,photoperiod,4,4.666666667,16,10,2,7,0,0,7,0,
20150804,221,dark,4,4.75,18,12,3,10,0,0,10,0,
20150804,222,dark,4,4.75,18,12,3,7,0,0,7,0,
20150804,230,dark,4,4.75,18,12,3,10,0,0,10,0,
20150804,231,dark,4,4.75,18,12,3,10,0,0,10,0,
20150804,232,dark,4,4.75,18,12,3,10,0,0,10,0,
20150804,233,dark,4,4.75,18,12,3,10,0,0,10,0,
20150804,234,dark,4,4.75,18,12,3,10,0,0,10,0,
20150804,235,dark,4,4.75,18,12,3,10,0,0,10,0,
20150804,236,dark,4,4.75,18,12,3,10,0,1,9,0.1,
20150804,238,dark,4,4.75,18,12,3,7,0,0,7,0,
20150804,239,dark,4,4.75,18,12,3,7,0,0,7,0,
20150804,240,dark,4,4.75,18,12,3,7,0,0,7,0,
20150804,221,light,4,4.75,18,12,3,10,0,0,10,0,
20150804,222,light,4,4.75,18,12,3,7,0,0,7,0,
20150804,230,light,4,4.75,18,12,3,10,0,0,10,0,
20150804,231,light,4,4.75,18,12,3,10,0,0,10,0,
20150804,232,light,4,4.75,18,12,3,10,0,0,10,0,
20150804,233,light,4,4.75,18,12,3,10,0,0,10,0,
20150804,234,light,4,4.75,18,12,3,10,0,0,10,0,
20150804,235,light,4,4.75,18,12,3,10,0,0,10,0,
20150804,236,light,4,4.75,18,12,3,10,0,2,8,0.2,
20150804,238,light,4,4.75,18,12,3,7,0,0,7,0,
20150804,239,light,4,4.75,18,12,3,7,0,0,7,0,
20150804,240,light,4,4.75,18,12,3,7,0,0,7,0,
20150804,221,photoperiod,4,4.75,18,12,3,10,0,0,10,0,
20150804,222,photoperiod,4,4.75,18,12,3,7,0,0,7,0,
20150804,230,photoperiod,4,4.75,18,12,3,10,0,0,10,0,
20150804,231,photoperiod,4,4.75,18,12,3,10,0,0,10,0,
20150804,232,photoperiod,4,4.75,18,12,3,10,0,0,10,0,
20150804,233,photoperiod,4,4.75,18,12,3,10,0,0,10,0,
20150804,234,photoperiod,4,4.75,18,12,3,10,0,0,10,0,
20150804,235,photoperiod,4,4.75,18,12,3,7,0,1,6,0.142857143,
20150804,236,photoperiod,4,4.75,18,12,3,10,0,0,10,0,
20150804,238,photoperiod,4,4.75,18,12,3,7,0,6,1,0.857142857,
20150804,239,photoperiod,4,4.75,18,12,3,7,0,0,7,0,
20150804,240,photoperiod,4,4.75,18,12,3,7,0,0,7,0,
20150804,221,dark,4,4.833333333,20,14,3,10,0,0,10,0,
20150804,222,dark,4,4.833333333,20,14,3,7,0,0,7,0,
20150804,230,dark,4,4.833333333,20,14,3,10,0,0,10,0,
20150804,231,dark,4,4.833333333,20,14,3,10,0,0,10,0,
20150804,232,dark,4,4.833333333,20,14,3,10,0,0,10,0,
20150804,233,dark,4,4.833333333,20,14,3,10,0,0,10,0,
20150804,234,dark,4,4.833333333,20,14,3,10,0,0,10,0,
20150804,235,dark,4,4.833333333,20,14,3,10,0,0,10,0,
20150804,236,dark,4,4.833333333,20,14,3,10,0,1,9,0.1,
20150804,238,dark,4,4.833333333,20,14,3,7,7,7,0,1,
20150804,239,dark,4,4.833333333,20,14,3,7,0,0,7,0,
20150804,240,dark,4,4.833333333,20,14,3,7,0,0,7,0,
20150804,221,light,4,4.833333333,20,14,3,10,0,0,10,0,
20150804,222,light,4,4.833333333,20,14,3,7,0,0,7,0,
20150804,230,light,4,4.833333333,20,14,3,10,0,0,10,0,
20150804,231,light,4,4.833333333,20,14,3,10,0,0,10,0,
20150804,232,light,4,4.833333333,20,14,3,10,0,0,10,0,
20150804,233,light,4,4.833333333,20,14,3,10,0,0,10,0,
20150804,234,light,4,4.833333333,20,14,3,10,0,0,10,0,
20150804,235,light,4,4.833333333,20,14,3,10,0,0,10,0,
20150804,236,light,4,4.833333333,20,14,3,10,0,2,8,0.2,
20150804,238,light,4,4.833333333,20,14,3,7,0,0,7,0,
20150804,239,light,4,4.833333333,20,14,3,7,0,0,7,0,
20150804,240,light,4,4.833333333,20,14,3,7,0,0,7,0,
20150804,221,photoperiod,4,4.833333333,20,14,3,10,0,0,10,0,
20150804,222,photoperiod,4,4.833333333,20,14,3,7,0,0,7,0,
20150804,230,photoperiod,4,4.833333333,20,14,3,10,0,0,10,0,
20150804,231,photoperiod,4,4.833333333,20,14,3,10,0,0,10,0,
20150804,232,photoperiod,4,4.833333333,20,14,3,10,2,2,8,0.2,
20150804,233,photoperiod,4,4.833333333,20,14,3,10,0,0,10,0,
20150804,234,photoperiod,4,4.833333333,20,14,3,10,0,0,10,0,
20150804,235,photoperiod,4,4.833333333,20,14,3,7,0,1,6,0.142857143,
20150804,236,photoperiod,4,4.833333333,20,14,3,10,0,0,10,0,
20150804,238,photoperiod,4,4.833333333,20,14,3,7,1,7,0,1,
20150804,239,photoperiod,4,4.833333333,20,14,3,7,0,0,7,0,
20150804,240,photoperiod,4,4.833333333,20,14,3,7,0,0,7,0,
20150804,221,dark,4,4.916666667,22,16,3,10,0,0,10,0,
20150804,222,dark,4,4.916666667,22,16,3,7,0,0,7,0,
20150804,230,dark,4,4.916666667,22,16,3,10,0,0,10,0,
20150804,231,dark,4,4.916666667,22,16,3,10,0,0,10,0,
20150804,232,dark,4,4.916666667,22,16,3,10,1,1,9,0.1,
20150804,233,dark,4,4.916666667,22,16,3,10,1,1,9,0.1,
20150804,234,dark,4,4.916666667,22,16,3,10,0,0,10,0,
20150804,235,dark,4,4.916666667,22,16,3,10,0,0,10,0,
20150804,236,dark,4,4.916666667,22,16,3,10,1,2,8,0.2,
20150804,238,dark,4,4.916666667,22,16,3,7,0,7,0,1,
20150804,239,dark,4,4.916666667,22,16,3,7,0,0,7,0,
20150804,240,dark,4,4.916666667,22,16,3,7,0,0,7,0,
20150804,221,light,4,4.916666667,22,16,3,10,0,0,10,0,
20150804,222,light,4,4.916666667,22,16,3,7,0,0,7,0,
20150804,230,light,4,4.916666667,22,16,3,10,0,0,10,0,
20150804,231,light,4,4.916666667,22,16,3,10,0,0,10,0,
20150804,232,light,4,4.916666667,22,16,3,10,0,0,10,0,
20150804,233,light,4,4.916666667,22,16,3,10,0,0,10,0,
20150804,234,light,4,4.916666667,22,16,3,10,0,0,10,0,
20150804,235,light,4,4.916666667,22,16,3,10,0,0,10,0,
20150804,236,light,4,4.916666667,22,16,3,10,0,2,8,0.2,
20150804,238,light,4,4.916666667,22,16,3,7,0,0,7,0,
20150804,239,light,4,4.916666667,22,16,3,7,0,0,7,0,
20150804,240,light,4,4.916666667,22,16,3,7,0,0,7,0,
20150804,221,photoperiod,4,4.916666667,22,16,3,10,3,3,7,0.3,
20150804,222,photoperiod,4,4.916666667,22,16,3,7,0,0,7,0,
20150804,230,photoperiod,4,4.916666667,22,16,3,10,0,0,10,0,
20150804,231,photoperiod,4,4.916666667,22,16,3,10,0,0,10,0,
20150804,232,photoperiod,4,4.916666667,22,16,3,10,0,2,8,0.2,
20150804,233,photoperiod,4,4.916666667,22,16,3,10,0,0,10,0,
20150804,234,photoperiod,4,4.916666667,22,16,3,10,0,0,10,0,
20150804,235,photoperiod,4,4.916666667,22,16,3,7,0,1,6,0.142857143,
20150804,236,photoperiod,4,4.916666667,22,16,3,10,0,0,10,0,
20150804,238,photoperiod,4,4.916666667,22,16,3,7,0,7,0,1,
20150804,239,photoperiod,4,4.916666667,22,16,3,7,0,0,7,0,
20150804,240,photoperiod,4,4.916666667,22,16,3,7,0,0,7,0,
20150805,221,dark,5,5,0,18,4,10,0,0,10,0,
20150805,222,dark,5,5,0,18,4,7,0,0,7,0,
20150805,230,dark,5,5,0,18,4,10,0,0,10,0,
20150805,231,dark,5,5,0,18,4,10,0,0,10,0,
20150805,232,dark,5,5,0,18,4,10,0,1,9,0.1,
20150805,233,dark,5,5,0,18,4,10,0,1,9,0.1,
20150805,234,dark,5,5,0,18,4,10,0,0,10,0,
20150805,235,dark,5,5,0,18,4,10,0,0,10,0,
20150805,236,dark,5,5,0,18,4,10,0,2,8,0.2,
20150805,238,dark,5,5,0,18,4,7,0,7,0,1,
20150805,239,dark,5,5,0,18,4,7,0,0,7,0,
20150805,240,dark,5,5,0,18,4,7,0,0,7,0,
20150805,221,light,5,5,0,18,4,10,0,0,10,0,
20150805,222,light,5,5,0,18,4,7,0,0,7,0,
20150805,230,light,5,5,0,18,4,10,0,0,10,0,
20150805,231,light,5,5,0,18,4,10,0,0,10,0,
20150805,232,light,5,5,0,18,4,10,0,0,10,0,
20150805,233,light,5,5,0,18,4,10,0,0,10,0,
20150805,234,light,5,5,0,18,4,10,0,0,10,0,
20150805,235,light,5,5,0,18,4,10,1,1,9,0.1,
20150805,236,light,5,5,0,18,4,10,0,2,8,0.2,
20150805,238,light,5,5,0,18,4,7,5,5,2,0.714285714,
20150805,239,light,5,5,0,18,4,7,0,0,7,0,
20150805,240,light,5,5,0,18,4,7,0,0,7,0,
20150805,221,photoperiod,5,5,0,18,4,10,0,3,7,0.3,
20150805,222,photoperiod,5,5,0,18,4,7,0,0,7,0,
20150805,230,photoperiod,5,5,0,18,4,10,0,0,10,0,
20150805,231,photoperiod,5,5,0,18,4,10,0,0,10,0,
20150805,232,photoperiod,5,5,0,18,4,10,1,3,7,0.3,
20150805,233,photoperiod,5,5,0,18,4,10,1,1,9,0.1,
20150805,234,photoperiod,5,5,0,18,4,10,0,0,10,0,
20150805,235,photoperiod,5,5,0,18,4,7,0,1,6,0.142857143,
20150805,236,photoperiod,5,5,0,18,4,10,0,0,10,0,
20150805,238,photoperiod,5,5,0,18,4,7,0,7,0,1,
20150805,239,photoperiod,5,5,0,18,4,7,0,0,7,0,
20150805,240,photoperiod,5,5,0,18,4,7,0,0,7,0,
20150805,221,dark,5,5.083333333,2,20,4,10,0,0,10,0,
20150805,222,dark,5,5.083333333,2,20,4,7,0,0,7,0,
20150805,230,dark,5,5.083333333,2,20,4,10,0,0,10,0,
20150805,231,dark,5,5.083333333,2,20,4,10,0,0,10,0,
20150805,232,dark,5,5.083333333,2,20,4,10,0,1,9,0.1,
20150805,233,dark,5,5.083333333,2,20,4,10,4,5,5,0.5,
20150805,234,dark,5,5.083333333,2,20,4,10,0,0,10,0,
20150805,235,dark,5,5.083333333,2,20,4,10,0,0,10,0,
20150805,236,dark,5,5.083333333,2,20,4,10,2,4,6,0.4,
20150805,238,dark,5,5.083333333,2,20,4,7,0,7,0,1,
20150805,239,dark,5,5.083333333,2,20,4,7,0,0,7,0,
20150805,240,dark,5,5.083333333,2,20,4,7,0,0,7,0,
20150805,221,light,5,5.083333333,2,20,4,10,0,0,10,0,
20150805,222,light,5,5.083333333,2,20,4,7,0,0,7,0,
20150805,230,light,5,5.083333333,2,20,4,10,0,0,10,0,
20150805,231,light,5,5.083333333,2,20,4,10,0,0,10,0,
20150805,232,light,5,5.083333333,2,20,4,10,0,0,10,0,
20150805,233,light,5,5.083333333,2,20,4,10,0,0,10,0,
20150805,234,light,5,5.083333333,2,20,4,10,0,0,10,0,
20150805,235,light,5,5.083333333,2,20,4,10,0,1,9,0.1,
20150805,236,light,5,5.083333333,2,20,4,10,0,2,8,0.2,
20150805,238,light,5,5.083333333,2,20,4,7,2,7,0,1,
20150805,239,light,5,5.083333333,2,20,4,7,0,0,7,0,
20150805,240,light,5,5.083333333,2,20,4,7,0,0,7,0,
20150805,221,photoperiod,5,5.083333333,2,20,4,10,0,3,7,0.3,
20150805,222,photoperiod,5,5.083333333,2,20,4,7,0,0,7,0,
20150805,230,photoperiod,5,5.083333333,2,20,4,10,0,0,10,0,
20150805,231,photoperiod,5,5.083333333,2,20,4,10,0,0,10,0,
20150805,232,photoperiod,5,5.083333333,2,20,4,10,1,4,6,0.4,
20150805,233,photoperiod,5,5.083333333,2,20,4,10,0,1,9,0.1,
20150805,234,photoperiod,5,5.083333333,2,20,4,10,0,0,10,0,
20150805,235,photoperiod,5,5.083333333,2,20,4,7,0,1,6,0.142857143,
20150805,236,photoperiod,5,5.083333333,2,20,4,10,0,0,10,0,
20150805,238,photoperiod,5,5.083333333,2,20,4,7,0,7,0,1,
20150805,239,photoperiod,5,5.083333333,2,20,4,7,0,0,7,0,
20150805,240,photoperiod,5,5.083333333,2,20,4,7,0,0,7,0,
20150805,221,dark,5,5.166666667,4,22,4,10,0,0,10,0,
20150805,222,dark,5,5.166666667,4,22,4,7,0,0,7,0,
20150805,230,dark,5,5.166666667,4,22,4,10,0,0,10,0,
20150805,231,dark,5,5.166666667,4,22,4,10,0,0,10,0,
20150805,232,dark,5,5.166666667,4,22,4,10,9,10,0,1,
20150805,233,dark,5,5.166666667,4,22,4,10,0,5,5,0.5,
20150805,234,dark,5,5.166666667,4,22,4,10,0,0,10,0,
20150805,235,dark,5,5.166666667,4,22,4,10,0,0,10,0,
20150805,236,dark,5,5.166666667,4,22,4,10,0,4,6,0.4,
20150805,238,dark,5,5.166666667,4,22,4,7,0,7,0,1,
20150805,239,dark,5,5.166666667,4,22,4,7,0,0,7,0,
20150805,240,dark,5,5.166666667,4,22,4,7,0,0,7,0,
20150805,221,light,5,5.166666667,4,22,4,10,0,0,10,0,
20150805,222,light,5,5.166666667,4,22,4,7,0,0,7,0,
20150805,230,light,5,5.166666667,4,22,4,10,0,0,10,0,
20150805,231,light,5,5.166666667,4,22,4,10,0,0,10,0,
20150805,232,light,5,5.166666667,4,22,4,10,0,0,10,0,
20150805,233,light,5,5.166666667,4,22,4,10,0,0,10,0,
20150805,234,light,5,5.166666667,4,22,4,10,0,0,10,0,
20150805,235,light,5,5.166666667,4,22,4,10,0,1,9,0.1,
20150805,236,light,5,5.166666667,4,22,4,10,0,2,8,0.2,
20150805,238,light,5,5.166666667,4,22,4,7,0,7,0,1,
20150805,239,light,5,5.166666667,4,22,4,7,0,0,7,0,
20150805,240,light,5,5.166666667,4,22,4,7,0,0,7,0,
20150805,221,photoperiod,5,5.166666667,4,22,4,10,0,3,7,0.3,
20150805,222,photoperiod,5,5.166666667,4,22,4,7,0,0,7,0,
20150805,230,photoperiod,5,5.166666667,4,22,4,10,0,0,10,0,
20150805,231,photoperiod,5,5.166666667,4,22,4,10,0,0,10,0,
20150805,232,photoperiod,5,5.166666667,4,22,4,10,1,5,5,0.5,
20150805,233,photoperiod,5,5.166666667,4,22,4,10,0,1,9,0.1,
20150805,234,photoperiod,5,5.166666667,4,22,4,10,0,0,10,0,
20150805,235,photoperiod,5,5.166666667,4,22,4,7,0,1,6,0.142857143,
20150805,236,photoperiod,5,5.166666667,4,22,4,10,0,0,10,0,
20150805,238,photoperiod,5,5.166666667,4,22,4,7,0,7,0,1,
20150805,239,photoperiod,5,5.166666667,4,22,4,7,0,0,7,0,
20150805,240,photoperiod,5,5.166666667,4,22,4,7,0,0,7,0,
20150805,221,dark,5,5.25,6,24,5,10,0,0,10,0,
20150805,222,dark,5,5.25,6,24,5,7,0,0,7,0,
20150805,230,dark,5,5.25,6,24,5,10,0,0,10,0,
20150805,231,dark,5,5.25,6,24,5,10,0,0,10,0,
20150805,232,dark,5,5.25,6,24,5,10,0,10,0,1,
20150805,233,dark,5,5.25,6,24,5,10,0,5,5,0.5,
20150805,234,dark,5,5.25,6,24,5,10,0,0,10,0,
20150805,235,dark,5,5.25,6,24,5,10,0,0,10,0,
20150805,236,dark,5,5.25,6,24,5,10,0,4,6,0.4,
20150805,238,dark,5,5.25,6,24,5,7,0,7,0,1,
20150805,239,dark,5,5.25,6,24,5,7,0,0,7,0,
20150805,240,dark,5,5.25,6,24,5,7,0,0,7,0,
20150805,221,light,5,5.25,6,24,5,10,0,0,10,0,
20150805,222,light,5,5.25,6,24,5,7,1,1,6,0.142857143,
20150805,230,light,5,5.25,6,24,5,10,0,0,10,0,
20150805,231,light,5,5.25,6,24,5,10,0,0,10,0,
20150805,232,light,5,5.25,6,24,5,10,0,0,10,0,
20150805,233,light,5,5.25,6,24,5,10,0,0,10,0,
20150805,234,light,5,5.25,6,24,5,10,0,0,10,0,
20150805,235,light,5,5.25,6,24,5,10,3,4,6,0.4,
20150805,236,light,5,5.25,6,24,5,10,0,2,8,0.2,
20150805,238,light,5,5.25,6,24,5,7,0,7,0,1,
20150805,239,light,5,5.25,6,24,5,7,0,0,7,0,
20150805,240,light,5,5.25,6,24,5,7,0,0,7,0,
20150805,221,photoperiod,5,5.25,6,24,5,10,0,3,7,0.3,
20150805,222,photoperiod,5,5.25,6,24,5,7,0,0,7,0,
20150805,230,photoperiod,5,5.25,6,24,5,10,0,0,10,0,
20150805,231,photoperiod,5,5.25,6,24,5,10,0,0,10,0,
20150805,232,photoperiod,5,5.25,6,24,5,10,1,6,4,0.6,
20150805,233,photoperiod,5,5.25,6,24,5,10,0,1,9,0.1,
20150805,234,photoperiod,5,5.25,6,24,5,10,0,0,10,0,
20150805,235,photoperiod,5,5.25,6,24,5,7,0,1,6,0.142857143,
20150805,236,photoperiod,5,5.25,6,24,5,10,2,2,8,0.2,
20150805,238,photoperiod,5,5.25,6,24,5,7,0,7,0,1,
20150805,239,photoperiod,5,5.25,6,24,5,7,0,0,7,0,
20150805,240,photoperiod,5,5.25,6,24,5,7,0,0,7,0,
20150805,221,dark,5,5.333333333,8,26,5,10,0,0,10,0,
20150805,222,dark,5,5.333333333,8,26,5,7,0,0,7,0,
20150805,230,dark,5,5.333333333,8,26,5,10,0,0,10,0,
20150805,231,dark,5,5.333333333,8,26,5,10,0,0,10,0,
20150805,232,dark,5,5.333333333,8,26,5,10,0,10,0,1,
20150805,233,dark,5,5.333333333,8,26,5,10,0,5,5,0.5,
20150805,234,dark,5,5.333333333,8,26,5,10,0,0,10,0,
20150805,235,dark,5,5.333333333,8,26,5,10,0,0,10,0,
20150805,236,dark,5,5.333333333,8,26,5,10,0,4,6,0.4,
20150805,238,dark,5,5.333333333,8,26,5,7,0,7,0,1,
20150805,239,dark,5,5.333333333,8,26,5,7,0,0,7,0,
20150805,240,dark,5,5.333333333,8,26,5,7,0,0,7,0,
20150805,221,light,5,5.333333333,8,26,5,10,0,0,10,0,
20150805,222,light,5,5.333333333,8,26,5,7,0,1,6,0.142857143,
20150805,230,light,5,5.333333333,8,26,5,10,0,0,10,0,
20150805,231,light,5,5.333333333,8,26,5,10,0,0,10,0,
20150805,232,light,5,5.333333333,8,26,5,10,0,0,10,0,
20150805,233,light,5,5.333333333,8,26,5,10,0,0,10,0,
20150805,234,light,5,5.333333333,8,26,5,10,0,0,10,0,
20150805,235,light,5,5.333333333,8,26,5,10,0,4,6,0.4,
20150805,236,light,5,5.333333333,8,26,5,10,1,3,7,0.3,
20150805,238,light,5,5.333333333,8,26,5,7,0,7,0,1,
20150805,239,light,5,5.333333333,8,26,5,7,0,0,7,0,
20150805,240,light,5,5.333333333,8,26,5,7,0,0,7,0,
20150805,221,photoperiod,5,5.333333333,8,26,5,10,0,3,7,0.3,
20150805,222,photoperiod,5,5.333333333,8,26,5,7,0,0,7,0,
20150805,230,photoperiod,5,5.333333333,8,26,5,10,0,0,10,0,
20150805,231,photoperiod,5,5.333333333,8,26,5,10,0,0,10,0,
20150805,232,photoperiod,5,5.333333333,8,26,5,10,0,6,4,0.6,
20150805,233,photoperiod,5,5.333333333,8,26,5,10,0,1,9,0.1,
20150805,234,photoperiod,5,5.333333333,8,26,5,10,0,0,10,0,
20150805,235,photoperiod,5,5.333333333,8,26,5,7,0,1,6,0.142857143,
20150805,236,photoperiod,5,5.333333333,8,26,5,10,0,2,8,0.2,
20150805,238,photoperiod,5,5.333333333,8,26,5,7,0,7,0,1,
20150805,239,photoperiod,5,5.333333333,8,26,5,7,0,0,7,0,
20150805,240,photoperiod,5,5.333333333,8,26,5,7,0,0,7,0,
20150805,221,dark,5,5.416666667,10,28,5,10,0,0,10,0,
20150805,222,dark,5,5.416666667,10,28,5,7,0,0,7,0,
20150805,230,dark,5,5.416666667,10,28,5,10,0,0,10,0,
20150805,231,dark,5,5.416666667,10,28,5,10,0,0,10,0,
20150805,232,dark,5,5.416666667,10,28,5,10,0,10,0,1,
20150805,233,dark,5,5.416666667,10,28,5,10,0,5,5,0.5,
20150805,234,dark,5,5.416666667,10,28,5,10,0,0,10,0,
20150805,235,dark,5,5.416666667,10,28,5,10,0,0,10,0,
20150805,236,dark,5,5.416666667,10,28,5,10,0,4,6,0.4,
20150805,238,dark,5,5.416666667,10,28,5,7,0,7,0,1,
20150805,239,dark,5,5.416666667,10,28,5,7,0,0,7,0,
20150805,240,dark,5,5.416666667,10,28,5,7,0,0,7,0,
20150805,221,light,5,5.416666667,10,28,5,10,0,0,10,0,
20150805,222,light,5,5.416666667,10,28,5,7,0,1,6,0.142857143,
20150805,230,light,5,5.416666667,10,28,5,10,0,0,10,0,
20150805,231,light,5,5.416666667,10,28,5,10,0,0,10,0,
20150805,232,light,5,5.416666667,10,28,5,10,0,0,10,0,
20150805,233,light,5,5.416666667,10,28,5,10,0,0,10,0,
20150805,234,light,5,5.416666667,10,28,5,10,0,0,10,0,
20150805,235,light,5,5.416666667,10,28,5,10,1,5,5,0.5,
20150805,236,light,5,5.416666667,10,28,5,10,0,3,7,0.3,
20150805,238,light,5,5.416666667,10,28,5,7,0,7,0,1,
20150805,239,light,5,5.416666667,10,28,5,7,0,0,7,0,
20150805,240,light,5,5.416666667,10,28,5,7,0,0,7,0,
20150805,221,photoperiod,5,5.416666667,10,28,5,10,0,3,7,0.3,
20150805,222,photoperiod,5,5.416666667,10,28,5,7,0,0,7,0,
20150805,230,photoperiod,5,5.416666667,10,28,5,10,1,1,9,0.1,
20150805,231,photoperiod,5,5.416666667,10,28,5,10,0,0,10,0,
20150805,232,photoperiod,5,5.416666667,10,28,5,10,0,6,4,0.6,
20150805,233,photoperiod,5,5.416666667,10,28,5,10,1,2,8,0.2,
20150805,234,photoperiod,5,5.416666667,10,28,5,10,1,1,9,0.1,
20150805,235,photoperiod,5,5.416666667,10,28,5,7,0,1,6,0.142857143,
20150805,236,photoperiod,5,5.416666667,10,28,5,10,0,2,8,0.2,
20150805,238,photoperiod,5,5.416666667,10,28,5,7,0,7,0,1,
20150805,239,photoperiod,5,5.416666667,10,28,5,7,0,0,7,0,
20150805,240,photoperiod,5,5.416666667,10,28,5,7,0,0,7,0,
20150805,221,dark,5,5.5,12,30,6,10,3,3,7,0.3,
20150805,222,dark,5,5.5,12,30,6,7,0,0,7,0,
20150805,230,dark,5,5.5,12,30,6,10,0,0,10,0,
20150805,231,dark,5,5.5,12,30,6,10,0,0,10,0,
20150805,232,dark,5,5.5,12,30,6,10,0,10,0,1,
20150805,233,dark,5,5.5,12,30,6,10,3,8,2,0.8,
20150805,234,dark,5,5.5,12,30,6,10,0,0,10,0,
20150805,235,dark,5,5.5,12,30,6,10,0,0,10,0,
20150805,236,dark,5,5.5,12,30,6,10,2,6,4,0.6,
20150805,238,dark,5,5.5,12,30,6,7,0,7,0,1,
20150805,239,dark,5,5.5,12,30,6,7,0,0,7,0,
20150805,240,dark,5,5.5,12,30,6,7,0,0,7,0,
20150805,221,light,5,5.5,12,30,6,10,0,0,10,0,
20150805,222,light,5,5.5,12,30,6,7,0,1,6,0.142857143,
20150805,230,light,5,5.5,12,30,6,10,0,0,10,0,
20150805,231,light,5,5.5,12,30,6,10,0,0,10,0,
20150805,232,light,5,5.5,12,30,6,10,0,0,10,0,
20150805,233,light,5,5.5,12,30,6,10,0,0,10,0,
20150805,234,light,5,5.5,12,30,6,10,0,0,10,0,
20150805,235,light,5,5.5,12,30,6,10,0,5,5,0.5,
20150805,236,light,5,5.5,12,30,6,10,0,3,7,0.3,
20150805,238,light,5,5.5,12,30,6,7,0,7,0,1,
20150805,239,light,5,5.5,12,30,6,7,2,2,5,0.285714286,
20150805,240,light,5,5.5,12,30,6,7,0,0,7,0,
20150805,221,photoperiod,5,5.5,12,30,6,10,0,3,7,0.3,
20150805,222,photoperiod,5,5.5,12,30,6,7,0,0,7,0,
20150805,230,photoperiod,5,5.5,12,30,6,10,1,2,8,0.2,
20150805,231,photoperiod,5,5.5,12,30,6,10,0,0,10,0,
20150805,232,photoperiod,5,5.5,12,30,6,10,1,7,3,0.7,
20150805,233,photoperiod,5,5.5,12,30,6,10,0,2,8,0.2,
20150805,234,photoperiod,5,5.5,12,30,6,10,1,2,8,0.2,
20150805,235,photoperiod,5,5.5,12,30,6,7,0,1,6,0.142857143,
20150805,236,photoperiod,5,5.5,12,30,6,10,1,3,7,0.3,
20150805,238,photoperiod,5,5.5,12,30,6,7,0,7,0,1,
20150805,239,photoperiod,5,5.5,12,30,6,7,0,0,7,0,
20150805,240,photoperiod,5,5.5,12,30,6,7,0,0,7,0,
20150805,221,dark,5,5.583333333,14,32,6,10,0,3,7,0.3,
20150805,222,dark,5,5.583333333,14,32,6,7,0,0,7,0,
20150805,230,dark,5,5.583333333,14,32,6,10,0,0,10,0,
20150805,231,dark,5,5.583333333,14,32,6,10,0,0,10,0,
20150805,232,dark,5,5.583333333,14,32,6,10,0,10,0,1,
20150805,233,dark,5,5.583333333,14,32,6,10,1,9,1,0.9,
20150805,234,dark,5,5.583333333,14,32,6,10,0,0,10,0,
20150805,235,dark,5,5.583333333,14,32,6,10,0,0,10,0,
20150805,236,dark,5,5.583333333,14,32,6,10,0,6,4,0.6,
20150805,238,dark,5,5.583333333,14,32,6,7,0,7,0,1,
20150805,239,dark,5,5.583333333,14,32,6,7,0,0,7,0,
20150805,240,dark,5,5.583333333,14,32,6,7,0,0,7,0,
20150805,221,light,5,5.583333333,14,32,6,10,3,3,7,0.3,
20150805,222,light,5,5.583333333,14,32,6,7,1,2,5,0.285714286,
20150805,230,light,5,5.583333333,14,32,6,10,0,0,10,0,
20150805,231,light,5,5.583333333,14,32,6,10,0,0,10,0,
20150805,232,light,5,5.583333333,14,32,6,10,3,3,7,0.3,
20150805,233,light,5,5.583333333,14,32,6,10,5,5,5,0.5,
20150805,234,light,5,5.583333333,14,32,6,10,0,0,10,0,
20150805,235,light,5,5.583333333,14,32,6,10,1,6,4,0.6,
20150805,236,light,5,5.583333333,14,32,6,10,2,5,5,0.5,
20150805,238,light,5,5.583333333,14,32,6,7,0,7,0,1,
20150805,239,light,5,5.583333333,14,32,6,7,0,2,5,0.285714286,
20150805,240,light,5,5.583333333,14,32,6,7,0,0,7,0,
20150805,221,photoperiod,5,5.583333333,14,32,6,10,1,4,6,0.4,
20150805,222,photoperiod,5,5.583333333,14,32,6,7,0,0,7,0,
20150805,230,photoperiod,5,5.583333333,14,32,6,10,0,2,8,0.2,
20150805,231,photoperiod,5,5.583333333,14,32,6,10,0,0,10,0,
20150805,232,photoperiod,5,5.583333333,14,32,6,10,0,7,3,0.7,
20150805,233,photoperiod,5,5.583333333,14,32,6,10,3,5,5,0.5,
20150805,234,photoperiod,5,5.583333333,14,32,6,10,1,3,7,0.3,
20150805,235,photoperiod,5,5.583333333,14,32,6,7,0,1,6,0.142857143,
20150805,236,photoperiod,5,5.583333333,14,32,6,10,0,3,7,0.3,
20150805,238,photoperiod,5,5.583333333,14,32,6,7,0,7,0,1,
20150805,239,photoperiod,5,5.583333333,14,32,6,7,1,1,6,0.142857143,
20150805,240,photoperiod,5,5.583333333,14,32,6,7,0,0,7,0,
20150805,221,dark,5,5.666666667,16,34,6,10,1,4,6,0.4,
20150805,222,dark,5,5.666666667,16,34,6,7,0,0,7,0,
20150805,230,dark,5,5.666666667,16,34,6,10,0,0,10,0,
20150805,231,dark,5,5.666666667,16,34,6,10,0,0,10,0,
20150805,232,dark,5,5.666666667,16,34,6,10,0,10,0,1,
20150805,233,dark,5,5.666666667,16,34,6,10,1,10,0,1,
20150805,234,dark,5,5.666666667,16,34,6,10,0,0,10,0,
20150805,235,dark,5,5.666666667,16,34,6,10,0,0,10,0,
20150805,236,dark,5,5.666666667,16,34,6,10,0,6,4,0.6,
20150805,238,dark,5,5.666666667,16,34,6,7,0,7,0,1,
20150805,239,dark,5,5.666666667,16,34,6,7,0,0,7,0,
20150805,240,dark,5,5.666666667,16,34,6,7,7,7,0,1,
20150805,221,light,5,5.666666667,16,34,6,10,0,3,7,0.3,
20150805,222,light,5,5.666666667,16,34,6,7,0,2,5,0.285714286,
20150805,230,light,5,5.666666667,16,34,6,10,2,2,8,0.2,
20150805,231,light,5,5.666666667,16,34,6,10,0,0,10,0,
20150805,232,light,5,5.666666667,16,34,6,10,1,4,6,0.4,
20150805,233,light,5,5.666666667,16,34,6,10,1,6,4,0.6,
20150805,234,light,5,5.666666667,16,34,6,10,0,0,10,0,
20150805,235,light,5,5.666666667,16,34,6,10,0,6,4,0.6,
20150805,236,light,5,5.666666667,16,34,6,10,1,6,4,0.6,
20150805,238,light,5,5.666666667,16,34,6,7,0,7,0,1,
20150805,239,light,5,5.666666667,16,34,6,7,0,2,5,0.285714286,
20150805,240,light,5,5.666666667,16,34,6,7,1,1,6,0.142857143,
20150805,221,photoperiod,5,5.666666667,16,34,6,10,0,4,6,0.4,
20150805,222,photoperiod,5,5.666666667,16,34,6,7,0,0,7,0,
20150805,230,photoperiod,5,5.666666667,16,34,6,10,1,3,7,0.3,
20150805,231,photoperiod,5,5.666666667,16,34,6,10,0,0,10,0,
20150805,232,photoperiod,5,5.666666667,16,34,6,10,0,7,3,0.7,
20150805,233,photoperiod,5,5.666666667,16,34,6,10,1,6,4,0.6,
20150805,234,photoperiod,5,5.666666667,16,34,6,10,0,3,7,0.3,
20150805,235,photoperiod,5,5.666666667,16,34,6,7,0,1,6,0.142857143,
20150805,236,photoperiod,5,5.666666667,16,34,6,10,0,3,7,0.3,
20150805,238,photoperiod,5,5.666666667,16,34,6,7,0,7,0,1,
20150805,239,photoperiod,5,5.666666667,16,34,6,7,0,1,6,0.142857143,
20150805,240,photoperiod,5,5.666666667,16,34,6,7,0,0,7,0,
20150805,221,dark,5,5.75,18,36,7,10,1,5,5,0.5,
20150805,222,dark,5,5.75,18,36,7,7,0,0,7,0,
20150805,230,dark,5,5.75,18,36,7,10,0,0,10,0,
20150805,231,dark,5,5.75,18,36,7,10,0,0,10,0,
20150805,232,dark,5,5.75,18,36,7,10,0,10,0,1,
20150805,233,dark,5,5.75,18,36,7,10,0,10,0,1,
20150805,234,dark,5,5.75,18,36,7,10,0,0,10,0,
20150805,235,dark,5,5.75,18,36,7,10,4,4,6,0.4,
20150805,236,dark,5,5.75,18,36,7,10,2,8,2,0.8,
20150805,238,dark,5,5.75,18,36,7,7,0,7,0,1,
20150805,239,dark,5,5.75,18,36,7,7,1,1,6,0.142857143,
20150805,240,dark,5,5.75,18,36,7,7,0,7,0,1,
20150805,221,light,5,5.75,18,36,7,10,2,5,5,0.5,
20150805,222,light,5,5.75,18,36,7,7,0,2,5,0.285714286,
20150805,230,light,5,5.75,18,36,7,10,0,2,8,0.2,
20150805,231,light,5,5.75,18,36,7,10,2,2,8,0.2,
20150805,232,light,5,5.75,18,36,7,10,4,8,2,0.8,
20150805,233,light,5,5.75,18,36,7,10,0,6,4,0.6,
20150805,234,light,5,5.75,18,36,7,10,0,0,10,0,
20150805,235,light,5,5.75,18,36,7,10,2,8,2,0.8,
20150805,236,light,5,5.75,18,36,7,10,1,7,3,0.7,
20150805,238,light,5,5.75,18,36,7,7,0,7,0,1,
20150805,239,light,5,5.75,18,36,7,7,1,3,4,0.428571429,
20150805,240,light,5,5.75,18,36,7,7,2,3,4,0.428571429,
20150805,221,photoperiod,5,5.75,18,36,7,10,0,4,6,0.4,
20150805,222,photoperiod,5,5.75,18,36,7,7,2,2,5,0.285714286,
20150805,230,photoperiod,5,5.75,18,36,7,10,5,8,2,0.8,
20150805,231,photoperiod,5,5.75,18,36,7,10,0,0,10,0,
20150805,232,photoperiod,5,5.75,18,36,7,10,2,9,1,0.9,
20150805,233,photoperiod,5,5.75,18,36,7,10,0,6,4,0.6,
20150805,234,photoperiod,5,5.75,18,36,7,10,0,3,7,0.3,
20150805,235,photoperiod,5,5.75,18,36,7,7,0,1,6,0.142857143,
20150805,236,photoperiod,5,5.75,18,36,7,10,0,3,7,0.3,
20150805,238,photoperiod,5,5.75,18,36,7,7,0,7,0,1,
20150805,239,photoperiod,5,5.75,18,36,7,7,6,7,0,1,
20150805,240,photoperiod,5,5.75,18,36,7,7,1,1,6,0.142857143,
20150805,221,dark,5,5.833333333,20,38,7,10,1,6,4,0.6,
20150805,222,dark,5,5.833333333,20,38,7,7,1,1,6,0.142857143,
20150805,230,dark,5,5.833333333,20,38,7,10,0,0,10,0,
20150805,231,dark,5,5.833333333,20,38,7,10,0,0,10,0,
20150805,232,dark,5,5.833333333,20,38,7,10,0,10,0,1,
20150805,233,dark,5,5.833333333,20,38,7,10,0,10,0,1,
20150805,234,dark,5,5.833333333,20,38,7,10,1,1,9,0.1,
20150805,235,dark,5,5.833333333,20,38,7,10,4,8,2,0.8,
20150805,236,dark,5,5.833333333,20,38,7,10,0,8,2,0.8,
20150805,238,dark,5,5.833333333,20,38,7,7,0,7,0,1,
20150805,239,dark,5,5.833333333,20,38,7,7,0,1,6,0.142857143,
20150805,240,dark,5,5.833333333,20,38,7,7,0,7,0,1,
20150805,221,light,5,5.833333333,20,38,7,10,1,6,4,0.6,
20150805,222,light,5,5.833333333,20,38,7,7,1,3,4,0.428571429,
20150805,230,light,5,5.833333333,20,38,7,10,0,2,8,0.2,
20150805,231,light,5,5.833333333,20,38,7,10,1,3,7,0.3,
20150805,232,light,5,5.833333333,20,38,7,10,0,8,2,0.8,
20150805,233,light,5,5.833333333,20,38,7,10,0,6,4,0.6,
20150805,234,light,5,5.833333333,20,38,7,10,0,0,10,0,
20150805,235,light,5,5.833333333,20,38,7,10,0,8,2,0.8,
20150805,236,light,5,5.833333333,20,38,7,10,1,8,2,0.8,
20150805,238,light,5,5.833333333,20,38,7,7,0,7,0,1,
20150805,239,light,5,5.833333333,20,38,7,7,0,3,4,0.428571429,
20150805,240,light,5,5.833333333,20,38,7,7,3,6,1,0.857142857,
20150805,221,photoperiod,5,5.833333333,20,38,7,10,5,9,1,0.9,
20150805,222,photoperiod,5,5.833333333,20,38,7,7,5,7,0,1,
20150805,230,photoperiod,5,5.833333333,20,38,7,10,2,10,0,1,
20150805,231,photoperiod,5,5.833333333,20,38,7,10,8,8,2,0.8,
20150805,232,photoperiod,5,5.833333333,20,38,7,10,1,10,0,1,
20150805,233,photoperiod,5,5.833333333,20,38,7,10,4,10,0,1,
20150805,234,photoperiod,5,5.833333333,20,38,7,10,7,10,0,1,
20150805,235,photoperiod,5,5.833333333,20,38,7,7,6,7,0,1,
20150805,236,photoperiod,5,5.833333333,20,38,7,10,7,10,0,1,
20150805,238,photoperiod,5,5.833333333,20,38,7,7,0,7,0,1,
20150805,239,photoperiod,5,5.833333333,20,38,7,7,0,7,0,1,
20150805,240,photoperiod,5,5.833333333,20,38,7,7,6,7,0,1,
20150805,221,dark,5,5.916666667,22,40,7,10,0,6,4,0.6,
20150805,222,dark,5,5.916666667,22,40,7,7,0,1,6,0.142857143,
20150805,230,dark,5,5.916666667,22,40,7,10,2,2,8,0.2,
20150805,231,dark,5,5.916666667,22,40,7,10,0,0,10,0,
20150805,232,dark,5,5.916666667,22,40,7,10,0,10,0,1,
20150805,233,dark,5,5.916666667,22,40,7,10,0,10,0,1,
20150805,234,dark,5,5.916666667,22,40,7,10,7,8,2,0.8,
20150805,235,dark,5,5.916666667,22,40,7,10,0,8,2,0.8,
20150805,236,dark,5,5.916666667,22,40,7,10,1,9,1,0.9,
20150805,238,dark,5,5.916666667,22,40,7,7,0,7,0,1,
20150805,239,dark,5,5.916666667,22,40,7,7,0,1,6,0.142857143,
20150805,240,dark,5,5.916666667,22,40,7,7,0,7,0,1,
20150805,221,light,5,5.916666667,22,40,7,10,1,7,3,0.7,
20150805,222,light,5,5.916666667,22,40,7,7,0,3,4,0.428571429,
20150805,230,light,5,5.916666667,22,40,7,10,0,2,8,0.2,
20150805,231,light,5,5.916666667,22,40,7,10,2,5,5,0.5,
20150805,232,light,5,5.916666667,22,40,7,10,0,8,2,0.8,
20150805,233,light,5,5.916666667,22,40,7,10,2,8,2,0.8,
20150805,234,light,5,5.916666667,22,40,7,10,0,0,10,0,
20150805,235,light,5,5.916666667,22,40,7,10,0,8,2,0.8,
20150805,236,light,5,5.916666667,22,40,7,10,0,8,2,0.8,
20150805,238,light,5,5.916666667,22,40,7,7,0,7,0,1,
20150805,239,light,5,5.916666667,22,40,7,7,0,3,4,0.428571429,
20150805,240,light,5,5.916666667,22,40,7,7,0,6,1,0.857142857,
20150805,221,photoperiod,5,5.916666667,22,40,7,10,0,9,1,0.9,
20150805,222,photoperiod,5,5.916666667,22,40,7,7,0,7,0,1,
20150805,230,photoperiod,5,5.916666667,22,40,7,10,0,10,0,1,
20150805,231,photoperiod,5,5.916666667,22,40,7,10,0,8,2,0.8,
20150805,232,photoperiod,5,5.916666667,22,40,7,10,0,10,0,1,
20150805,233,photoperiod,5,5.916666667,22,40,7,10,0,10,0,1,
20150805,234,photoperiod,5,5.916666667,22,40,7,10,0,10,0,1,
20150805,235,photoperiod,5,5.916666667,22,40,7,7,0,7,0,1,
20150805,236,photoperiod,5,5.916666667,22,40,7,10,0,10,0,1,
20150805,238,photoperiod,5,5.916666667,22,40,7,7,0,7,0,1,
20150805,239,photoperiod,5,5.916666667,22,40,7,7,0,7,0,1,
20150805,240,photoperiod,5,5.916666667,22,40,7,7,0,7,0,1,
20150806,221,dark,6,6,0,42,8,10,4,10,0,1,
20150806,222,dark,6,6,0,42,8,7,6,7,0,1,
20150806,230,dark,6,6,0,42,8,10,7,9,1,0.9,
20150806,231,dark,6,6,0,42,8,10,6,6,4,0.6,
20150806,232,dark,6,6,0,42,8,10,0,10,0,1,
20150806,233,dark,6,6,0,42,8,10,0,10,0,1,
20150806,234,dark,6,6,0,42,8,10,0,8,2,0.8,
20150806,235,dark,6,6,0,42,8,10,2,10,0,1,
20150806,236,dark,6,6,0,42,8,10,1,10,0,1,
20150806,238,dark,6,6,0,42,8,7,0,7,0,1,
20150806,239,dark,6,6,0,42,8,7,3,4,3,0.571428571,
20150806,240,dark,6,6,0,42,8,7,0,7,0,1,
20150806,221,light,6,6,0,42,8,10,3,10,0,1,
20150806,222,light,6,6,0,42,8,7,0,3,4,0.428571429,
20150806,230,light,6,6,0,42,8,10,5,7,3,0.7,
20150806,231,light,6,6,0,42,8,10,0,5,5,0.5,
20150806,232,light,6,6,0,42,8,10,0,8,2,0.8,
20150806,233,light,6,6,0,42,8,10,2,10,0,1,
20150806,234,light,6,6,0,42,8,10,0,0,10,0,
20150806,235,light,6,6,0,42,8,10,0,8,2,0.8,
20150806,236,light,6,6,0,42,8,10,0,8,2,0.8,
20150806,238,light,6,6,0,42,8,7,0,7,0,1,
20150806,239,light,6,6,0,42,8,7,0,3,4,0.428571429,
20150806,240,light,6,6,0,42,8,7,0,6,1,0.857142857,
20150806,221,photoperiod,6,6,0,42,8,10,0,9,1,0.9,
20150806,222,photoperiod,6,6,0,42,8,7,0,7,0,1,
20150806,230,photoperiod,6,6,0,42,8,10,0,10,0,1,
20150806,231,photoperiod,6,6,0,42,8,10,0,8,2,0.8,
20150806,232,photoperiod,6,6,0,42,8,10,0,10,0,1,
20150806,233,photoperiod,6,6,0,42,8,10,0,10,0,1,
20150806,234,photoperiod,6,6,0,42,8,10,0,10,0,1,
20150806,235,photoperiod,6,6,0,42,8,7,0,7,0,1,
20150806,236,photoperiod,6,6,0,42,8,10,0,10,0,1,
20150806,238,photoperiod,6,6,0,42,8,7,0,7,0,1,
20150806,239,photoperiod,6,6,0,42,8,7,0,7,0,1,
20150806,240,photoperiod,6,6,0,42,8,7,0,7,0,1,
20150806,221,dark,6,6.083333333,2,44,8,10,0,10,0,1,
20150806,222,dark,6,6.083333333,2,44,8,7,0,7,0,1,
20150806,230,dark,6,6.083333333,2,44,8,10,0,9,1,0.9,
20150806,231,dark,6,6.083333333,2,44,8,10,0,6,4,0.6,
20150806,232,dark,6,6.083333333,2,44,8,10,0,10,0,1,
20150806,233,dark,6,6.083333333,2,44,8,10,0,10,0,1,
20150806,234,dark,6,6.083333333,2,44,8,10,1,9,1,0.9,
20150806,235,dark,6,6.083333333,2,44,8,10,0,10,0,1,
20150806,236,dark,6,6.083333333,2,44,8,10,0,10,0,1,
20150806,238,dark,6,6.083333333,2,44,8,7,0,7,0,1,
20150806,239,dark,6,6.083333333,2,44,8,7,1,5,2,0.714285714,
20150806,240,dark,6,6.083333333,2,44,8,7,0,7,0,1,
20150806,221,light,6,6.083333333,2,44,8,10,0,10,0,1,
20150806,222,light,6,6.083333333,2,44,8,7,0,3,4,0.428571429,
20150806,230,light,6,6.083333333,2,44,8,10,0,7,3,0.7,
20150806,231,light,6,6.083333333,2,44,8,10,0,5,5,0.5,
20150806,232,light,6,6.083333333,2,44,8,10,0,8,2,0.8,
20150806,233,light,6,6.083333333,2,44,8,10,0,10,0,1,
20150806,234,light,6,6.083333333,2,44,8,10,0,0,10,0,
20150806,235,light,6,6.083333333,2,44,8,10,0,8,2,0.8,
20150806,236,light,6,6.083333333,2,44,8,10,2,10,0,1,
20150806,238,light,6,6.083333333,2,44,8,7,0,7,0,1,
20150806,239,light,6,6.083333333,2,44,8,7,3,6,1,0.857142857,
20150806,240,light,6,6.083333333,2,44,8,7,0,6,1,0.857142857,
20150806,221,photoperiod,6,6.083333333,2,44,8,10,0,9,1,0.9,
20150806,222,photoperiod,6,6.083333333,2,44,8,7,0,7,0,1,
20150806,230,photoperiod,6,6.083333333,2,44,8,10,0,10,0,1,
20150806,231,photoperiod,6,6.083333333,2,44,8,10,1,9,1,0.9,
20150806,232,photoperiod,6,6.083333333,2,44,8,10,0,10,0,1,
20150806,233,photoperiod,6,6.083333333,2,44,8,10,0,10,0,1,
20150806,234,photoperiod,6,6.083333333,2,44,8,10,0,10,0,1,
20150806,235,photoperiod,6,6.083333333,2,44,8,7,0,7,0,1,
20150806,236,photoperiod,6,6.083333333,2,44,8,10,0,10,0,1,
20150806,238,photoperiod,6,6.083333333,2,44,8,7,0,7,0,1,
20150806,239,photoperiod,6,6.083333333,2,44,8,7,0,7,0,1,
20150806,240,photoperiod,6,6.083333333,2,44,8,7,0,7,0,1,
20150806,221,dark,6,6.166666667,4,46,8,10,0,10,0,1,
20150806,222,dark,6,6.166666667,4,46,8,7,0,7,0,1,
20150806,230,dark,6,6.166666667,4,46,8,10,1,10,0,1,
20150806,231,dark,6,6.166666667,4,46,8,10,0,6,4,0.6,
20150806,232,dark,6,6.166666667,4,46,8,10,0,10,0,1,
20150806,233,dark,6,6.166666667,4,46,8,10,0,10,0,1,
20150806,234,dark,6,6.166666667,4,46,8,10,0,9,1,0.9,
20150806,235,dark,6,6.166666667,4,46,8,10,0,10,0,1,
20150806,236,dark,6,6.166666667,4,46,8,10,0,10,0,1,
20150806,238,dark,6,6.166666667,4,46,8,7,0,7,0,1,
20150806,239,dark,6,6.166666667,4,46,8,7,0,5,2,0.714285714,
20150806,240,dark,6,6.166666667,4,46,8,7,0,7,0,1,
20150806,221,light,6,6.166666667,4,46,8,10,0,10,0,1,
20150806,222,light,6,6.166666667,4,46,8,7,4,7,0,1,
20150806,230,light,6,6.166666667,4,46,8,10,1,8,2,0.8,
20150806,231,light,6,6.166666667,4,46,8,10,0,5,5,0.5,
20150806,232,light,6,6.166666667,4,46,8,10,0,8,2,0.8,
20150806,233,light,6,6.166666667,4,46,8,10,0,10,0,1,
20150806,234,light,6,6.166666667,4,46,8,10,4,4,6,0.4,
20150806,235,light,6,6.166666667,4,46,8,10,0,8,2,0.8,
20150806,236,light,6,6.166666667,4,46,8,10,0,10,0,1,
20150806,238,light,6,6.166666667,4,46,8,7,0,7,0,1,
20150806,239,light,6,6.166666667,4,46,8,7,0,6,1,0.857142857,
20150806,240,light,6,6.166666667,4,46,8,7,1,7,0,1,
20150806,221,photoperiod,6,6.166666667,4,46,8,10,0,9,1,0.9,
20150806,222,photoperiod,6,6.166666667,4,46,8,7,0,7,0,1,
20150806,230,photoperiod,6,6.166666667,4,46,8,10,0,10,0,1,
20150806,231,photoperiod,6,6.166666667,4,46,8,10,0,9,1,0.9,
20150806,232,photoperiod,6,6.166666667,4,46,8,10,0,10,0,1,
20150806,233,photoperiod,6,6.166666667,4,46,8,10,0,10,0,1,
20150806,234,photoperiod,6,6.166666667,4,46,8,10,0,10,0,1,
20150806,235,photoperiod,6,6.166666667,4,46,8,7,0,7,0,1,
20150806,236,photoperiod,6,6.166666667,4,46,8,10,0,10,0,1,
20150806,238,photoperiod,6,6.166666667,4,46,8,7,0,7,0,1,
20150806,239,photoperiod,6,6.166666667,4,46,8,7,0,7,0,1,
20150806,240,photoperiod,6,6.166666667,4,46,8,7,0,7,0,1,
20150806,221,dark,6,6.25,6,48,9,10,0,10,0,1,
20150806,222,dark,6,6.25,6,48,9,7,0,7,0,1,
20150806,230,dark,6,6.25,6,48,9,10,0,10,0,1,
20150806,231,dark,6,6.25,6,48,9,10,1,7,3,0.7,
20150806,232,dark,6,6.25,6,48,9,10,0,10,0,1,
20150806,233,dark,6,6.25,6,48,9,10,0,10,0,1,
20150806,234,dark,6,6.25,6,48,9,10,0,9,1,0.9,
20150806,235,dark,6,6.25,6,48,9,10,0,10,0,1,
20150806,236,dark,6,6.25,6,48,9,10,0,10,0,1,
20150806,238,dark,6,6.25,6,48,9,7,0,7,0,1,
20150806,239,dark,6,6.25,6,48,9,7,0,5,2,0.714285714,
20150806,240,dark,6,6.25,6,48,9,7,0,7,0,1,
20150806,221,light,6,6.25,6,48,9,10,0,10,0,1,
20150806,222,light,6,6.25,6,48,9,7,0,7,0,1,
20150806,230,light,6,6.25,6,48,9,10,1,9,1,0.9,
20150806,231,light,6,6.25,6,48,9,10,1,6,4,0.6,
20150806,232,light,6,6.25,6,48,9,10,0,8,2,0.8,
20150806,233,light,6,6.25,6,48,9,10,0,10,0,1,
20150806,234,light,6,6.25,6,48,9,10,0,4,6,0.4,
20150806,235,light,6,6.25,6,48,9,10,1,9,1,0.9,
20150806,236,light,6,6.25,6,48,9,10,0,10,0,1,
20150806,238,light,6,6.25,6,48,9,7,0,7,0,1,
20150806,239,light,6,6.25,6,48,9,7,0,6,1,0.857142857,
20150806,240,light,6,6.25,6,48,9,7,0,7,0,1,
20150806,221,photoperiod,6,6.25,6,48,9,10,0,9,1,0.9,
20150806,222,photoperiod,6,6.25,6,48,9,7,0,7,0,1,
20150806,230,photoperiod,6,6.25,6,48,9,10,0,10,0,1,
20150806,231,photoperiod,6,6.25,6,48,9,10,1,10,0,1,
20150806,232,photoperiod,6,6.25,6,48,9,10,0,10,0,1,
20150806,233,photoperiod,6,6.25,6,48,9,10,0,10,0,1,
20150806,234,photoperiod,6,6.25,6,48,9,10,0,10,0,1,
20150806,235,photoperiod,6,6.25,6,48,9,7,0,7,0,1,
20150806,236,photoperiod,6,6.25,6,48,9,10,0,10,0,1,
20150806,238,photoperiod,6,6.25,6,48,9,7,0,7,0,1,
20150806,239,photoperiod,6,6.25,6,48,9,7,0,7,0,1,
20150806,240,photoperiod,6,6.25,6,48,9,7,0,7,0,1,
20150806,221,dark,6,6.333333333,8,50,9,10,0,10,0,1,
20150806,222,dark,6,6.333333333,8,50,9,7,0,7,0,1,
20150806,230,dark,6,6.333333333,8,50,9,10,0,10,0,1,
20150806,231,dark,6,6.333333333,8,50,9,10,1,8,2,0.8,
20150806,232,dark,6,6.333333333,8,50,9,10,0,10,0,1,
20150806,233,dark,6,6.333333333,8,50,9,10,0,10,0,1,
20150806,234,dark,6,6.333333333,8,50,9,10,1,10,0,1,
20150806,235,dark,6,6.333333333,8,50,9,10,0,10,0,1,
20150806,236,dark,6,6.333333333,8,50,9,10,0,10,0,1,
20150806,238,dark,6,6.333333333,8,50,9,7,0,7,0,1,
20150806,239,dark,6,6.333333333,8,50,9,7,1,6,1,0.857142857,
20150806,240,dark,6,6.333333333,8,50,9,7,0,7,0,1,
20150806,221,light,6,6.333333333,8,50,9,10,0,10,0,1,
20150806,222,light,6,6.333333333,8,50,9,7,0,7,0,1,
20150806,230,light,6,6.333333333,8,50,9,10,0,9,1,0.9,
20150806,231,light,6,6.333333333,8,50,9,10,0,6,4,0.6,
20150806,232,light,6,6.333333333,8,50,9,10,0,8,2,0.8,
20150806,233,light,6,6.333333333,8,50,9,10,0,10,0,1,
20150806,234,light,6,6.333333333,8,50,9,10,0,4,6,0.4,
20150806,235,light,6,6.333333333,8,50,9,10,0,9,1,0.9,
20150806,236,light,6,6.333333333,8,50,9,10,0,10,0,1,
20150806,238,light,6,6.333333333,8,50,9,7,0,7,0,1,
20150806,239,light,6,6.333333333,8,50,9,7,0,6,1,0.857142857,
20150806,240,light,6,6.333333333,8,50,9,7,0,7,0,1,
20150806,221,photoperiod,6,6.333333333,8,50,9,10,1,10,0,1,
20150806,222,photoperiod,6,6.333333333,8,50,9,7,0,7,0,1,
20150806,230,photoperiod,6,6.333333333,8,50,9,10,0,10,0,1,
20150806,231,photoperiod,6,6.333333333,8,50,9,10,0,10,0,1,
20150806,232,photoperiod,6,6.333333333,8,50,9,10,0,10,0,1,
20150806,233,photoperiod,6,6.333333333,8,50,9,10,0,10,0,1,
20150806,234,photoperiod,6,6.333333333,8,50,9,10,0,10,0,1,
20150806,235,photoperiod,6,6.333333333,8,50,9,7,0,7,0,1,
20150806,236,photoperiod,6,6.333333333,8,50,9,10,0,10,0,1,
20150806,238,photoperiod,6,6.333333333,8,50,9,7,0,7,0,1,
20150806,239,photoperiod,6,6.333333333,8,50,9,7,0,7,0,1,
20150806,240,photoperiod,6,6.333333333,8,50,9,7,0,7,0,1,
20150806,221,dark,6,6.416666667,10,52,9,10,0,10,0,1,
20150806,222,dark,6,6.416666667,10,52,9,7,0,7,0,1,
20150806,230,dark,6,6.416666667,10,52,9,10,0,10,0,1,
20150806,231,dark,6,6.416666667,10,52,9,10,0,8,2,0.8,
20150806,232,dark,6,6.416666667,10,52,9,10,0,10,0,1,
20150806,233,dark,6,6.416666667,10,52,9,10,0,10,0,1,
20150806,234,dark,6,6.416666667,10,52,9,10,0,10,0,1,
20150806,235,dark,6,6.416666667,10,52,9,10,0,10,0,1,
20150806,236,dark,6,6.416666667,10,52,9,10,0,10,0,1,
20150806,238,dark,6,6.416666667,10,52,9,7,0,7,0,1,
20150806,239,dark,6,6.416666667,10,52,9,7,0,6,1,0.857142857,
20150806,240,dark,6,6.416666667,10,52,9,7,0,7,0,1,
20150806,221,light,6,6.416666667,10,52,9,10,0,10,0,1,
20150806,222,light,6,6.416666667,10,52,9,7,0,7,0,1,
20150806,230,light,6,6.416666667,10,52,9,10,1,10,0,1,
20150806,231,light,6,6.416666667,10,52,9,10,0,6,4,0.6,
20150806,232,light,6,6.416666667,10,52,9,10,0,8,2,0.8,
20150806,233,light,6,6.416666667,10,52,9,10,0,10,0,1,
20150806,234,light,6,6.416666667,10,52,9,10,0,4,6,0.4,
20150806,235,light,6,6.416666667,10,52,9,10,1,10,0,1,
20150806,236,light,6,6.416666667,10,52,9,10,0,10,0,1,
20150806,238,light,6,6.416666667,10,52,9,7,0,7,0,1,
20150806,239,light,6,6.416666667,10,52,9,7,0,6,1,0.857142857,
20150806,240,light,6,6.416666667,10,52,9,7,0,7,0,1,
20150806,221,photoperiod,6,6.416666667,10,52,9,10,0,10,0,1,
20150806,222,photoperiod,6,6.416666667,10,52,9,7,0,7,0,1,
20150806,230,photoperiod,6,6.416666667,10,52,9,10,0,10,0,1,
20150806,231,photoperiod,6,6.416666667,10,52,9,10,0,10,0,1,
20150806,232,photoperiod,6,6.416666667,10,52,9,10,0,10,0,1,
20150806,233,photoperiod,6,6.416666667,10,52,9,10,0,10,0,1,
20150806,234,photoperiod,6,6.416666667,10,52,9,10,0,10,0,1,
20150806,235,photoperiod,6,6.416666667,10,52,9,7,0,7,0,1,
20150806,236,photoperiod,6,6.416666667,10,52,9,10,0,10,0,1,
20150806,238,photoperiod,6,6.416666667,10,52,9,7,0,7,0,1,
20150806,239,photoperiod,6,6.416666667,10,52,9,7,0,7,0,1,
20150806,240,photoperiod,6,6.416666667,10,52,9,7,0,7,0,1,
20150806,221,dark,6,6.5,12,54,10,10,0,10,0,1,
20150806,222,dark,6,6.5,12,54,10,7,0,7,0,1,
20150806,230,dark,6,6.5,12,54,10,10,0,10,0,1,
20150806,231,dark,6,6.5,12,54,10,10,0,8,2,0.8,
20150806,232,dark,6,6.5,12,54,10,10,0,10,0,1,
20150806,233,dark,6,6.5,12,54,10,10,0,10,0,1,
20150806,234,dark,6,6.5,12,54,10,10,0,10,0,1,
20150806,235,dark,6,6.5,12,54,10,10,0,10,0,1,
20150806,236,dark,6,6.5,12,54,10,10,0,10,0,1,
20150806,238,dark,6,6.5,12,54,10,7,0,7,0,1,
20150806,239,dark,6,6.5,12,54,10,7,1,7,0,1,
20150806,240,dark,6,6.5,12,54,10,7,0,7,0,1,
20150806,221,light,6,6.5,12,54,10,10,0,10,0,1,
20150806,222,light,6,6.5,12,54,10,7,0,7,0,1,
20150806,230,light,6,6.5,12,54,10,10,0,10,0,1,
20150806,231,light,6,6.5,12,54,10,10,0,6,4,0.6,
20150806,232,light,6,6.5,12,54,10,10,0,8,2,0.8,
20150806,233,light,6,6.5,12,54,10,10,0,10,0,1,
20150806,234,light,6,6.5,12,54,10,10,2,6,4,0.6,
20150806,235,light,6,6.5,12,54,10,10,0,10,0,1,
20150806,236,light,6,6.5,12,54,10,10,0,10,0,1,
20150806,238,light,6,6.5,12,54,10,7,0,7,0,1,
20150806,239,light,6,6.5,12,54,10,7,0,6,1,0.857142857,
20150806,240,light,6,6.5,12,54,10,7,0,7,0,1,
20150806,221,photoperiod,6,6.5,12,54,10,10,0,10,0,1,
20150806,222,photoperiod,6,6.5,12,54,10,7,0,7,0,1,
20150806,230,photoperiod,6,6.5,12,54,10,10,0,10,0,1,
20150806,231,photoperiod,6,6.5,12,54,10,10,0,10,0,1,
20150806,232,photoperiod,6,6.5,12,54,10,10,0,10,0,1,
20150806,233,photoperiod,6,6.5,12,54,10,10,0,10,0,1,
20150806,234,photoperiod,6,6.5,12,54,10,10,0,10,0,1,
20150806,235,photoperiod,6,6.5,12,54,10,7,0,7,0,1,
20150806,236,photoperiod,6,6.5,12,54,10,10,0,10,0,1,
20150806,238,photoperiod,6,6.5,12,54,10,7,0,7,0,1,
20150806,239,photoperiod,6,6.5,12,54,10,7,0,7,0,1,
20150806,240,photoperiod,6,6.5,12,54,10,7,0,7,0,1,
20150806,221,dark,6,6.583333333,14,56,10,10,0,10,0,1,
20150806,222,dark,6,6.583333333,14,56,10,7,0,7,0,1,
20150806,230,dark,6,6.583333333,14,56,10,10,0,10,0,1,
20150806,231,dark,6,6.583333333,14,56,10,10,0,8,2,0.8,
20150806,232,dark,6,6.583333333,14,56,10,10,0,10,0,1,
20150806,233,dark,6,6.583333333,14,56,10,10,0,10,0,1,
20150806,234,dark,6,6.583333333,14,56,10,10,0,10,0,1,
20150806,235,dark,6,6.583333333,14,56,10,10,0,10,0,1,
20150806,236,dark,6,6.583333333,14,56,10,10,0,10,0,1,
20150806,238,dark,6,6.583333333,14,56,10,7,0,7,0,1,
20150806,239,dark,6,6.583333333,14,56,10,7,0,7,0,1,
20150806,240,dark,6,6.583333333,14,56,10,7,0,7,0,1,
20150806,221,light,6,6.583333333,14,56,10,10,0,10,0,1,
20150806,222,light,6,6.583333333,14,56,10,7,0,7,0,1,
20150806,230,light,6,6.583333333,14,56,10,10,0,10,0,1,
20150806,231,light,6,6.583333333,14,56,10,10,1,7,3,0.7,
20150806,232,light,6,6.583333333,14,56,10,10,1,9,1,0.9,
20150806,233,light,6,6.583333333,14,56,10,10,0,10,0,1,
20150806,234,light,6,6.583333333,14,56,10,10,0,6,4,0.6,
20150806,235,light,6,6.583333333,14,56,10,10,0,10,0,1,
20150806,236,light,6,6.583333333,14,56,10,10,0,10,0,1,
20150806,238,light,6,6.583333333,14,56,10,7,0,7,0,1,
20150806,239,light,6,6.583333333,14,56,10,7,0,6,1,0.857142857,
20150806,240,light,6,6.583333333,14,56,10,7,0,7,0,1,
20150806,221,photoperiod,6,6.583333333,14,56,10,10,0,10,0,1,
20150806,222,photoperiod,6,6.583333333,14,56,10,7,0,7,0,1,
20150806,230,photoperiod,6,6.583333333,14,56,10,10,0,10,0,1,
20150806,231,photoperiod,6,6.583333333,14,56,10,10,0,10,0,1,
20150806,232,photoperiod,6,6.583333333,14,56,10,10,0,10,0,1,
20150806,233,photoperiod,6,6.583333333,14,56,10,10,0,10,0,1,
20150806,234,photoperiod,6,6.583333333,14,56,10,10,0,10,0,1,
20150806,235,photoperiod,6,6.583333333,14,56,10,7,0,7,0,1,
20150806,236,photoperiod,6,6.583333333,14,56,10,10,0,10,0,1,
20150806,238,photoperiod,6,6.583333333,14,56,10,7,0,7,0,1,
20150806,239,photoperiod,6,6.583333333,14,56,10,7,0,7,0,1,
20150806,240,photoperiod,6,6.583333333,14,56,10,7,0,7,0,1,
20150806,221,dark,6,6.666666667,16,58,10,10,0,10,0,1,
20150806,222,dark,6,6.666666667,16,58,10,7,0,7,0,1,
20150806,230,dark,6,6.666666667,16,58,10,10,0,10,0,1,
20150806,231,dark,6,6.666666667,16,58,10,10,0,8,2,0.8,
20150806,232,dark,6,6.666666667,16,58,10,10,0,10,0,1,
20150806,233,dark,6,6.666666667,16,58,10,10,0,10,0,1,
20150806,234,dark,6,6.666666667,16,58,10,10,0,10,0,1,
20150806,235,dark,6,6.666666667,16,58,10,10,0,10,0,1,
20150806,236,dark,6,6.666666667,16,58,10,10,0,10,0,1,
20150806,238,dark,6,6.666666667,16,58,10,7,0,7,0,1,
20150806,239,dark,6,6.666666667,16,58,10,7,0,7,0,1,
20150806,240,dark,6,6.666666667,16,58,10,7,0,7,0,1,
20150806,221,light,6,6.666666667,16,58,10,10,0,10,0,1,
20150806,222,light,6,6.666666667,16,58,10,7,0,7,0,1,
20150806,230,light,6,6.666666667,16,58,10,10,0,10,0,1,
20150806,231,light,6,6.666666667,16,58,10,10,1,8,2,0.8,
20150806,232,light,6,6.666666667,16,58,10,10,0,9,1,0.9,
20150806,233,light,6,6.666666667,16,58,10,10,0,10,0,1,
20150806,234,light,6,6.666666667,16,58,10,10,1,7,3,0.7,
20150806,235,light,6,6.666666667,16,58,10,10,0,10,0,1,
20150806,236,light,6,6.666666667,16,58,10,10,0,10,0,1,
20150806,238,light,6,6.666666667,16,58,10,7,0,7,0,1,
20150806,239,light,6,6.666666667,16,58,10,7,0,6,1,0.857142857,
20150806,240,light,6,6.666666667,16,58,10,7,0,7,0,1,
20150806,221,photoperiod,6,6.666666667,16,58,10,10,0,10,0,1,
20150806,222,photoperiod,6,6.666666667,16,58,10,7,0,7,0,1,
20150806,230,photoperiod,6,6.666666667,16,58,10,10,0,10,0,1,
20150806,231,photoperiod,6,6.666666667,16,58,10,10,0,10,0,1,
20150806,232,photoperiod,6,6.666666667,16,58,10,10,0,10,0,1,
20150806,233,photoperiod,6,6.666666667,16,58,10,10,0,10,0,1,
20150806,234,photoperiod,6,6.666666667,16,58,10,10,0,10,0,1,
20150806,235,photoperiod,6,6.666666667,16,58,10,7,0,7,0,1,
20150806,236,photoperiod,6,6.666666667,16,58,10,10,0,10,0,1,
20150806,238,photoperiod,6,6.666666667,16,58,10,7,0,7,0,1,
20150806,239,photoperiod,6,6.666666667,16,58,10,7,0,7,0,1,
20150806,240,photoperiod,6,6.666666667,16,58,10,7,0,7,0,1,
20150806,221,dark,6,6.75,18,60,11,10,0,10,0,1,
20150806,222,dark,6,6.75,18,60,11,7,0,7,0,1,
20150806,230,dark,6,6.75,18,60,11,10,0,10,0,1,
20150806,231,dark,6,6.75,18,60,11,10,0,8,2,0.8,
20150806,232,dark,6,6.75,18,60,11,10,0,10,0,1,
20150806,233,dark,6,6.75,18,60,11,10,0,10,0,1,
20150806,234,dark,6,6.75,18,60,11,10,0,10,0,1,
20150806,235,dark,6,6.75,18,60,11,10,0,10,0,1,
20150806,236,dark,6,6.75,18,60,11,10,0,10,0,1,
20150806,238,dark,6,6.75,18,60,11,7,0,7,0,1,
20150806,239,dark,6,6.75,18,60,11,7,0,7,0,1,
20150806,240,dark,6,6.75,18,60,11,7,0,7,0,1,
20150806,221,light,6,6.75,18,60,11,10,0,10,0,1,
20150806,222,light,6,6.75,18,60,11,7,0,7,0,1,
20150806,230,light,6,6.75,18,60,11,10,0,10,0,1,
20150806,231,light,6,6.75,18,60,11,10,0,8,2,0.8,
20150806,232,light,6,6.75,18,60,11,10,0,9,1,0.9,
20150806,233,light,6,6.75,18,60,11,10,0,10,0,1,
20150806,234,light,6,6.75,18,60,11,10,0,7,3,0.7,
20150806,235,light,6,6.75,18,60,11,10,0,10,0,1,
20150806,236,light,6,6.75,18,60,11,10,0,10,0,1,
20150806,238,light,6,6.75,18,60,11,7,0,7,0,1,
20150806,239,light,6,6.75,18,60,11,7,0,6,1,0.857142857,
20150806,240,light,6,6.75,18,60,11,7,0,7,0,1,
20150806,221,photoperiod,6,6.75,18,60,11,10,0,10,0,1,
20150806,222,photoperiod,6,6.75,18,60,11,7,0,7,0,1,
20150806,230,photoperiod,6,6.75,18,60,11,10,0,10,0,1,
20150806,231,photoperiod,6,6.75,18,60,11,10,0,10,0,1,
20150806,232,photoperiod,6,6.75,18,60,11,10,0,10,0,1,
20150806,233,photoperiod,6,6.75,18,60,11,10,0,10,0,1,
20150806,234,photoperiod,6,6.75,18,60,11,10,0,10,0,1,
20150806,235,photoperiod,6,6.75,18,60,11,7,0,7,0,1,
20150806,236,photoperiod,6,6.75,18,60,11,10,0,10,0,1,
20150806,238,photoperiod,6,6.75,18,60,11,7,0,7,0,1,
20150806,239,photoperiod,6,6.75,18,60,11,7,0,7,0,1,
20150806,240,photoperiod,6,6.75,18,60,11,7,0,7,0,1,
20150806,221,dark,6,6.833333333,20,62,11,10,0,10,0,1,
20150806,222,dark,6,6.833333333,20,62,11,7,0,7,0,1,
20150806,230,dark,6,6.833333333,20,62,11,10,0,10,0,1,
20150806,231,dark,6,6.833333333,20,62,11,10,0,8,2,0.8,
20150806,232,dark,6,6.833333333,20,62,11,10,0,10,0,1,
20150806,233,dark,6,6.833333333,20,62,11,10,0,10,0,1,
20150806,234,dark,6,6.833333333,20,62,11,10,0,10,0,1,
20150806,235,dark,6,6.833333333,20,62,11,10,0,10,0,1,
20150806,236,dark,6,6.833333333,20,62,11,10,0,10,0,1,
20150806,238,dark,6,6.833333333,20,62,11,7,0,7,0,1,
20150806,239,dark,6,6.833333333,20,62,11,7,0,7,0,1,
20150806,240,dark,6,6.833333333,20,62,11,7,0,7,0,1,
20150806,221,light,6,6.833333333,20,62,11,10,0,10,0,1,
20150806,222,light,6,6.833333333,20,62,11,7,0,7,0,1,
20150806,230,light,6,6.833333333,20,62,11,10,0,10,0,1,
20150806,231,light,6,6.833333333,20,62,11,10,2,10,0,1,
20150806,232,light,6,6.833333333,20,62,11,10,1,10,0,1,
20150806,233,light,6,6.833333333,20,62,11,10,0,10,0,1,
20150806,234,light,6,6.833333333,20,62,11,10,1,8,2,0.8,
20150806,235,light,6,6.833333333,20,62,11,10,0,10,0,1,
20150806,236,light,6,6.833333333,20,62,11,10,0,10,0,1,
20150806,238,light,6,6.833333333,20,62,11,7,0,7,0,1,
20150806,239,light,6,6.833333333,20,62,11,7,0,6,1,0.857142857,
20150806,240,light,6,6.833333333,20,62,11,7,0,7,0,1,
20150806,221,photoperiod,6,6.833333333,20,62,11,10,0,10,0,1,
20150806,222,photoperiod,6,6.833333333,20,62,11,7,0,7,0,1,
20150806,230,photoperiod,6,6.833333333,20,62,11,10,0,10,0,1,
20150806,231,photoperiod,6,6.833333333,20,62,11,10,0,10,0,1,
20150806,232,photoperiod,6,6.833333333,20,62,11,10,0,10,0,1,
20150806,233,photoperiod,6,6.833333333,20,62,11,10,0,10,0,1,
20150806,234,photoperiod,6,6.833333333,20,62,11,10,0,10,0,1,
20150806,235,photoperiod,6,6.833333333,20,62,11,7,0,7,0,1,
20150806,236,photoperiod,6,6.833333333,20,62,11,10,0,10,0,1,
20150806,238,photoperiod,6,6.833333333,20,62,11,7,0,7,0,1,
20150806,239,photoperiod,6,6.833333333,20,62,11,7,0,7,0,1,
20150806,240,photoperiod,6,6.833333333,20,62,11,7,0,7,0,1,
20150806,221,dark,6,6.916666667,22,64,11,10,0,10,0,1,
20150806,222,dark,6,6.916666667,22,64,11,7,0,7,0,1,
20150806,230,dark,6,6.916666667,22,64,11,10,0,10,0,1,
20150806,231,dark,6,6.916666667,22,64,11,10,0,8,2,0.8,
20150806,232,dark,6,6.916666667,22,64,11,10,0,10,0,1,
20150806,233,dark,6,6.916666667,22,64,11,10,0,10,0,1,
20150806,234,dark,6,6.916666667,22,64,11,10,0,10,0,1,
20150806,235,dark,6,6.916666667,22,64,11,10,0,10,0,1,
20150806,236,dark,6,6.916666667,22,64,11,10,0,10,0,1,
20150806,238,dark,6,6.916666667,22,64,11,7,0,7,0,1,
20150806,239,dark,6,6.916666667,22,64,11,7,0,7,0,1,
20150806,240,dark,6,6.916666667,22,64,11,7,0,7,0,1,
20150806,221,light,6,6.916666667,22,64,11,10,0,10,0,1,
20150806,222,light,6,6.916666667,22,64,11,7,0,7,0,1,
20150806,230,light,6,6.916666667,22,64,11,10,0,10,0,1,
20150806,231,light,6,6.916666667,22,64,11,10,0,10,0,1,
20150806,232,light,6,6.916666667,22,64,11,10,0,10,0,1,
20150806,233,light,6,6.916666667,22,64,11,10,0,10,0,1,
20150806,234,light,6,6.916666667,22,64,11,10,1,9,1,0.9,
20150806,235,light,6,6.916666667,22,64,11,10,0,10,0,1,
20150806,236,light,6,6.916666667,22,64,11,10,0,10,0,1,
20150806,238,light,6,6.916666667,22,64,11,7,0,7,0,1,
20150806,239,light,6,6.916666667,22,64,11,7,0,6,1,0.857142857,
20150806,240,light,6,6.916666667,22,64,11,7,0,7,0,1,
20150806,221,photoperiod,6,6.916666667,22,64,11,10,0,10,0,1,
20150806,222,photoperiod,6,6.916666667,22,64,11,7,0,7,0,1,
20150806,230,photoperiod,6,6.916666667,22,64,11,10,0,10,0,1,
20150806,231,photoperiod,6,6.916666667,22,64,11,10,0,10,0,1,
20150806,232,photoperiod,6,6.916666667,22,64,11,10,0,10,0,1,
20150806,233,photoperiod,6,6.916666667,22,64,11,10,0,10,0,1,
20150806,234,photoperiod,6,6.916666667,22,64,11,10,0,10,0,1,
20150806,235,photoperiod,6,6.916666667,22,64,11,7,0,7,0,1,
20150806,236,photoperiod,6,6.916666667,22,64,11,10,0,10,0,1,
20150806,238,photoperiod,6,6.916666667,22,64,11,7,0,7,0,1,
20150806,239,photoperiod,6,6.916666667,22,64,11,7,0,7,0,1,
20150806,240,photoperiod,6,6.916666667,22,64,11,7,0,7,0,1,
20150807,221,dark,7,7,0,66,12,10,0,10,0,1,
20150807,222,dark,7,7,0,66,12,7,0,7,0,1,
20150807,230,dark,7,7,0,66,12,10,0,10,0,1,
20150807,231,dark,7,7,0,66,12,10,0,8,2,0.8,
20150807,232,dark,7,7,0,66,12,10,0,10,0,1,
20150807,233,dark,7,7,0,66,12,10,0,10,0,1,
20150807,234,dark,7,7,0,66,12,10,0,10,0,1,
20150807,235,dark,7,7,0,66,12,10,0,10,0,1,
20150807,236,dark,7,7,0,66,12,10,0,10,0,1,
20150807,238,dark,7,7,0,66,12,7,0,7,0,1,
20150807,239,dark,7,7,0,66,12,7,0,7,0,1,
20150807,240,dark,7,7,0,66,12,7,0,7,0,1,
20150807,221,light,7,7,0,66,12,10,0,10,0,1,
20150807,222,light,7,7,0,66,12,7,0,7,0,1,
20150807,230,light,7,7,0,66,12,10,0,10,0,1,
20150807,231,light,7,7,0,66,12,10,0,10,0,1,
20150807,232,light,7,7,0,66,12,10,0,10,0,1,
20150807,233,light,7,7,0,66,12,10,0,10,0,1,
20150807,234,light,7,7,0,66,12,10,0,9,1,0.9,
20150807,235,light,7,7,0,66,12,10,0,10,0,1,
20150807,236,light,7,7,0,66,12,10,0,10,0,1,
20150807,238,light,7,7,0,66,12,7,0,7,0,1,
20150807,239,light,7,7,0,66,12,7,0,6,1,0.857142857,
20150807,240,light,7,7,0,66,12,7,0,7,0,1,
20150807,221,photoperiod,7,7,0,66,12,10,0,10,0,1,
20150807,222,photoperiod,7,7,0,66,12,7,0,7,0,1,
20150807,230,photoperiod,7,7,0,66,12,10,0,10,0,1,
20150807,231,photoperiod,7,7,0,66,12,10,0,10,0,1,
20150807,232,photoperiod,7,7,0,66,12,10,0,10,0,1,
20150807,233,photoperiod,7,7,0,66,12,10,0,10,0,1,
20150807,234,photoperiod,7,7,0,66,12,10,0,10,0,1,
20150807,235,photoperiod,7,7,0,66,12,7,0,7,0,1,
20150807,236,photoperiod,7,7,0,66,12,10,0,10,0,1,
20150807,238,photoperiod,7,7,0,66,12,7,0,7,0,1,
20150807,239,photoperiod,7,7,0,66,12,7,0,7,0,1,
20150807,240,photoperiod,7,7,0,66,12,7,0,7,0,1,
20150807,221,dark,7,7.083333333,2,68,12,10,0,10,0,1,
20150807,222,dark,7,7.083333333,2,68,12,7,0,7,0,1,
20150807,230,dark,7,7.083333333,2,68,12,10,0,10,0,1,
20150807,231,dark,7,7.083333333,2,68,12,10,1,9,1,0.9,
20150807,232,dark,7,7.083333333,2,68,12,10,0,10,0,1,
20150807,233,dark,7,7.083333333,2,68,12,10,0,10,0,1,
20150807,234,dark,7,7.083333333,2,68,12,10,0,10,0,1,
20150807,235,dark,7,7.083333333,2,68,12,10,0,10,0,1,
20150807,236,dark,7,7.083333333,2,68,12,10,0,10,0,1,
20150807,238,dark,7,7.083333333,2,68,12,7,0,7,0,1,
20150807,239,dark,7,7.083333333,2,68,12,7,0,7,0,1,
20150807,240,dark,7,7.083333333,2,68,12,7,0,7,0,1,
20150807,221,light,7,7.083333333,2,68,12,10,0,10,0,1,
20150807,222,light,7,7.083333333,2,68,12,7,0,7,0,1,
20150807,230,light,7,7.083333333,2,68,12,10,0,10,0,1,
20150807,231,light,7,7.083333333,2,68,12,10,0,10,0,1,
20150807,232,light,7,7.083333333,2,68,12,10,0,10,0,1,
20150807,233,light,7,7.083333333,2,68,12,10,0,10,0,1,
20150807,234,light,7,7.083333333,2,68,12,10,0,9,1,0.9,
20150807,235,light,7,7.083333333,2,68,12,10,0,10,0,1,
20150807,236,light,7,7.083333333,2,68,12,10,0,10,0,1,
20150807,238,light,7,7.083333333,2,68,12,7,0,7,0,1,
20150807,239,light,7,7.083333333,2,68,12,7,1,7,0,1,
20150807,240,light,7,7.083333333,2,68,12,7,0,7,0,1,
20150807,221,photoperiod,7,7.083333333,2,68,12,10,0,10,0,1,
20150807,222,photoperiod,7,7.083333333,2,68,12,7,0,7,0,1,
20150807,230,photoperiod,7,7.083333333,2,68,12,10,0,10,0,1,
20150807,231,photoperiod,7,7.083333333,2,68,12,10,0,10,0,1,
20150807,232,photoperiod,7,7.083333333,2,68,12,10,0,10,0,1,
20150807,233,photoperiod,7,7.083333333,2,68,12,10,0,10,0,1,
20150807,234,photoperiod,7,7.083333333,2,68,12,10,0,10,0,1,
20150807,235,photoperiod,7,7.083333333,2,68,12,7,0,7,0,1,
20150807,236,photoperiod,7,7.083333333,2,68,12,10,0,10,0,1,
20150807,238,photoperiod,7,7.083333333,2,68,12,7,0,7,0,1,
20150807,239,photoperiod,7,7.083333333,2,68,12,7,0,7,0,1,
20150807,240,photoperiod,7,7.083333333,2,68,12,7,0,7,0,1,
20150807,221,dark,7,7.166666667,4,70,12,10,0,10,0,1,
20150807,222,dark,7,7.166666667,4,70,12,7,0,7,0,1,
20150807,230,dark,7,7.166666667,4,70,12,10,0,10,0,1,
20150807,231,dark,7,7.166666667,4,70,12,10,1,10,0,1,
20150807,232,dark,7,7.166666667,4,70,12,10,0,10,0,1,
20150807,233,dark,7,7.166666667,4,70,12,10,0,10,0,1,
20150807,234,dark,7,7.166666667,4,70,12,10,0,10,0,1,
20150807,235,dark,7,7.166666667,4,70,12,10,0,10,0,1,
20150807,236,dark,7,7.166666667,4,70,12,10,0,10,0,1,
20150807,238,dark,7,7.166666667,4,70,12,7,0,7,0,1,
20150807,239,dark,7,7.166666667,4,70,12,7,0,7,0,1,
20150807,240,dark,7,7.166666667,4,70,12,7,0,7,0,1,
20150807,221,light,7,7.166666667,4,70,12,10,0,10,0,1,
20150807,222,light,7,7.166666667,4,70,12,7,0,7,0,1,
20150807,230,light,7,7.166666667,4,70,12,10,0,10,0,1,
20150807,231,light,7,7.166666667,4,70,12,10,0,10,0,1,
20150807,232,light,7,7.166666667,4,70,12,10,0,10,0,1,
20150807,233,light,7,7.166666667,4,70,12,10,0,10,0,1,
20150807,234,light,7,7.166666667,4,70,12,10,1,10,0,1,
20150807,235,light,7,7.166666667,4,70,12,10,0,10,0,1,
20150807,236,light,7,7.166666667,4,70,12,10,0,10,0,1,
20150807,238,light,7,7.166666667,4,70,12,7,0,7,0,1,
20150807,239,light,7,7.166666667,4,70,12,7,0,7,0,1,
20150807,240,light,7,7.166666667,4,70,12,7,0,7,0,1,
20150807,221,photoperiod,7,7.166666667,4,70,12,10,0,10,0,1,
20150807,222,photoperiod,7,7.166666667,4,70,12,7,0,7,0,1,
20150807,230,photoperiod,7,7.166666667,4,70,12,10,0,10,0,1,
20150807,231,photoperiod,7,7.166666667,4,70,12,10,0,10,0,1,
20150807,232,photoperiod,7,7.166666667,4,70,12,10,0,10,0,1,
20150807,233,photoperiod,7,7.166666667,4,70,12,10,0,10,0,1,
20150807,234,photoperiod,7,7.166666667,4,70,12,10,0,10,0,1,
20150807,235,photoperiod,7,7.166666667,4,70,12,7,0,7,0,1,
20150807,236,photoperiod,7,7.166666667,4,70,12,10,0,10,0,1,
20150807,238,photoperiod,7,7.166666667,4,70,12,7,0,7,0,1,
20150807,239,photoperiod,7,7.166666667,4,70,12,7,0,7,0,1,
20150807,240,photoperiod,7,7.166666667,4,70,12,7,0,7,0,1,
,,,,,,,,,,,,,
,,,,,,,,,,,,,
,,,,,,,,,,,,,
,,,,,,,,,,,,,
,,,,,,,,,,,,,